datetime,count
2011-01-20 00:00:00,19.976263265159588
2011-01-20 01:00:00,60.14561851872111
2011-01-20 02:00:00,69.44469361465602
2011-01-20 03:00:00,72.11699587066644
2011-01-20 04:00:00,80.75455447316405
2011-01-20 05:00:00,77.73048333585123
2011-01-20 06:00:00,81.7733418616104
2011-01-20 07:00:00,93.08103163093585
2011-01-20 08:00:00,95.79955518552828
2011-01-20 09:00:00,106.65352439253755
2011-01-20 10:00:00,118.4230629227942
2011-01-20 11:00:00,133.27494993658917
2011-01-20 12:00:00,151.68849455416247
2011-01-20 13:00:00,142.19207057390446
2011-01-20 14:00:00,148.40713498185207
2011-01-20 15:00:00,153.9906511621926
2011-01-20 16:00:00,146.8358217330732
2011-01-20 17:00:00,148.780394032576
2011-01-20 18:00:00,124.88322465785393
2011-01-20 19:00:00,119.95570565639798
2011-01-20 20:00:00,113.06452120118732
2011-01-20 21:00:00,103.42146367181837
2011-01-20 22:00:00,91.89965364566089
2011-01-20 23:00:00,86.37700326382048
2011-01-21 00:00:00,9.642205040873733
2011-01-21 01:00:00,20.961401188658385
2011-01-21 02:00:00,24.533450236392923
2011-01-21 03:00:00,4.715536864316647
2011-01-21 04:00:00,45.89348915718156
2011-01-21 05:00:00,57.390696083078666
2011-01-21 06:00:00,82.57680513589375
2011-01-21 07:00:00,86.60792527064655
2011-01-21 08:00:00,93.64830031294613
2011-01-21 09:00:00,92.69392594680878
2011-01-21 10:00:00,92.08849807279746
2011-01-21 11:00:00,107.35245205973347
2011-01-21 12:00:00,113.71554837407591
2011-01-21 13:00:00,113.71872147862322
2011-01-21 14:00:00,117.9103226062933
2011-01-21 15:00:00,110.20001312664803
2011-01-21 16:00:00,115.87328087995559
2011-01-21 17:00:00,106.17352218102641
2011-01-21 18:00:00,98.59437025445982
2011-01-21 19:00:00,92.1960005836243
2011-01-21 20:00:00,74.33722026094686
2011-01-21 21:00:00,61.09068129580291
2011-01-21 22:00:00,39.115249684526816
2011-01-21 23:00:00,37.11008564785109
2011-01-22 00:00:00,10.807240319776696
2011-01-22 01:00:00,0.808626790211008
2011-01-22 02:00:00,26.257298546696944
2011-01-22 03:00:00,28.127124788069693
2011-01-22 04:00:00,19.372263003800924
2011-01-22 06:00:00,38.35492827179459
2011-01-22 07:00:00,34.864388172346935
2011-01-22 08:00:00,31.797341547778473
2011-01-22 09:00:00,46.70423863809239
2011-01-22 10:00:00,54.79088398997064
2011-01-22 11:00:00,63.58703219955429
2011-01-22 12:00:00,67.21351612694264
2011-01-22 13:00:00,74.33754416122775
2011-01-22 14:00:00,77.18398246005012
2011-01-22 15:00:00,81.29753258343473
2011-01-22 16:00:00,83.60140634928976
2011-01-22 17:00:00,80.85588582869215
2011-01-22 18:00:00,45.60374992456923
2011-01-22 19:00:00,39.39536897984473
2011-01-22 20:00:00,8.693108782590514
2011-01-22 21:00:00,7.453413211013611
2011-01-22 22:00:00,0.0
2011-01-22 23:00:00,0.0
2011-01-23 00:00:00,0.0
2011-01-23 01:00:00,4.112060459142981
2011-01-23 02:00:00,0.0
2011-01-23 03:00:00,1.141905477179563
2011-01-23 05:00:00,28.101651867702657
2011-01-23 06:00:00,30.590815364463225
2011-01-23 07:00:00,32.376908521406165
2011-01-23 08:00:00,20.35136741339221
2011-01-23 09:00:00,34.95105481715663
2011-01-23 10:00:00,59.57243455747468
2011-01-23 11:00:00,74.58825744514948
2011-01-23 12:00:00,78.19858276811871
2011-01-23 13:00:00,80.12190761396756
2011-01-23 14:00:00,97.39640904452983
2011-01-23 15:00:00,95.7916793392383
2011-01-23 16:00:00,96.33345910562588
2011-01-23 17:00:00,81.12899110650503
2011-01-23 18:00:00,68.55786939600704
2011-01-23 19:00:00,63.86456066623484
2011-01-23 20:00:00,39.45435374187568
2011-01-23 21:00:00,29.262712815196465
2011-01-23 22:00:00,8.822063240802834
2011-01-23 23:00:00,0.0
2011-01-24 00:00:00,47.21813507174451
2011-01-24 01:00:00,52.25210969337735
2011-01-24 03:00:00,59.98929304100116
2011-01-24 04:00:00,71.25201086975858
2011-01-24 05:00:00,75.30194997973129
2011-01-24 06:00:00,80.69871989770503
2011-01-24 07:00:00,86.40126592298608
2011-01-24 08:00:00,89.86363047031655
2011-01-24 09:00:00,97.5228200164035
2011-01-24 10:00:00,100.1747383561562
2011-01-24 11:00:00,98.43861624978827
2011-01-24 12:00:00,103.12671307535814
2011-01-24 13:00:00,103.77370757604855
2011-01-24 14:00:00,102.46065959833872
2011-01-24 15:00:00,110.79633352465649
2011-01-24 16:00:00,103.9447214707009
2011-01-24 17:00:00,92.71530319594896
2011-01-24 18:00:00,84.96863927212087
2011-01-24 19:00:00,84.74972217207602
2011-01-24 20:00:00,75.22297646440659
2011-01-24 21:00:00,67.69608678432762
2011-01-24 22:00:00,65.9355272470375
2011-01-24 23:00:00,64.61421727467788
2011-01-25 00:00:00,20.010890642645307
2011-01-25 01:00:00,44.14168476450587
2011-01-25 02:00:00,44.02972135209714
2011-01-25 04:00:00,59.90311342296374
2011-01-25 05:00:00,59.21973886966174
2011-01-25 06:00:00,72.64714998880535
2011-01-25 07:00:00,71.73099039458324
2011-01-25 08:00:00,88.07534532022927
2011-01-25 09:00:00,106.56497259986617
2011-01-25 10:00:00,114.65809526091886
2011-01-25 11:00:00,118.40394152997936
2011-01-25 12:00:00,130.93576704475697
2011-01-25 13:00:00,130.08942091600957
2011-01-25 14:00:00,150.30025355786978
2011-01-25 15:00:00,157.06657875002574
2011-01-25 16:00:00,156.84369381405966
2011-01-25 17:00:00,143.2274597304914
2011-01-25 18:00:00,144.82255351458775
2011-01-25 19:00:00,117.46153706837956
2011-01-25 20:00:00,101.83032458684247
2011-01-25 21:00:00,97.41449727485468
2011-01-25 22:00:00,87.70167979761167
2011-01-25 23:00:00,87.24197402745006
2011-01-26 00:00:00,34.609319034061656
2011-01-26 01:00:00,49.099103943673754
2011-01-26 02:00:00,33.523204786542124
2011-01-26 05:00:00,23.700797608711184
2011-01-26 06:00:00,29.398752352519807
2011-01-26 07:00:00,34.61334809528904
2011-01-26 08:00:00,39.291020049786226
2011-01-26 09:00:00,43.2304083574368
2011-01-26 10:00:00,41.960963687727286
2011-01-26 11:00:00,37.892399788979816
2011-01-26 12:00:00,39.682039436882235
2011-01-26 13:00:00,40.73339543793796
2011-01-26 14:00:00,37.80686393452538
2011-01-26 15:00:00,23.453664743602047
2011-01-26 16:00:00,179.5245320799297
2011-01-26 17:00:00,29.826262504969293
2011-01-27 16:00:00,116.96919105386951
2011-01-27 17:00:00,115.28016924451089
2011-01-27 18:00:00,91.27108691332572
2011-01-27 19:00:00,87.77603455419644
2011-01-27 20:00:00,71.58162324754646
2011-01-27 21:00:00,66.36058291585687
2011-01-27 22:00:00,60.40125893732059
2011-01-27 23:00:00,48.91191219923985
2011-01-28 00:00:00,15.809760965714077
2011-01-28 01:00:00,26.06131615575859
2011-01-28 02:00:00,32.705759974927986
2011-01-28 03:00:00,47.426743745321374
2011-01-28 05:00:00,54.82355780936291
2011-01-28 06:00:00,58.19364629936754
2011-01-28 07:00:00,58.00395863373197
2011-01-28 08:00:00,62.45230804841603
2011-01-28 09:00:00,51.32877346363577
2011-01-28 10:00:00,52.2327276409888
2011-01-28 11:00:00,45.08366938579405
2011-01-28 12:00:00,45.74895827610496
2011-01-28 13:00:00,45.675963519569166
2011-01-28 14:00:00,78.0016299924024
2011-01-28 15:00:00,86.24829751371894
2011-01-28 16:00:00,84.7642183610417
2011-01-28 17:00:00,95.07950317176392
2011-01-28 18:00:00,92.65583642412963
2011-01-28 19:00:00,96.73491477281762
2011-01-28 20:00:00,96.31681665732677
2011-01-28 21:00:00,82.75580391332645
2011-01-28 22:00:00,92.67884841723222
2011-01-28 23:00:00,92.85038910428412
2011-01-29 00:00:00,3.325701783846398
2011-01-29 01:00:00,26.81753309975224
2011-01-29 02:00:00,36.15010203249196
2011-01-29 03:00:00,40.434413274143054
2011-01-29 04:00:00,30.69796121464239
2011-01-29 06:00:00,47.24975165586761
2011-01-29 07:00:00,58.7527756179754
2011-01-29 08:00:00,72.59561147746048
2011-01-29 09:00:00,69.92272107126514
2011-01-29 10:00:00,72.31750085952847
2011-01-29 11:00:00,70.24407727959449
2011-01-29 12:00:00,79.44732260017034
2011-01-29 13:00:00,94.08448997508738
2011-01-29 14:00:00,86.52189688214821
2011-01-29 15:00:00,62.5845272711766
2011-01-29 16:00:00,83.23293200952756
2011-01-29 17:00:00,78.55617011793679
2011-01-29 18:00:00,52.05287683126065
2011-01-29 19:00:00,55.75987105605205
2011-01-29 20:00:00,17.021137700994274
2011-01-29 21:00:00,10.093544260143204
2011-01-29 22:00:00,0.0
2011-01-29 23:00:00,0.0
2011-01-30 00:00:00,0.0
2011-01-30 01:00:00,0.0
2011-01-30 02:00:00,0.0
2011-01-30 03:00:00,0.0
2011-01-30 04:00:00,0.0
2011-01-30 05:00:00,0.0
2011-01-30 07:00:00,3.395077819789236
2011-01-30 08:00:00,23.11684207900919
2011-01-30 09:00:00,39.66429267642903
2011-01-30 10:00:00,45.885700838735744
2011-01-30 11:00:00,51.27533378459103
2011-01-30 12:00:00,121.78159705086087
2011-01-30 13:00:00,96.74058486109863
2011-01-30 14:00:00,98.6095279863305
2011-01-30 15:00:00,111.15229376433307
2011-01-30 16:00:00,109.30710381537286
2011-01-30 17:00:00,109.74511295928761
2011-01-30 18:00:00,73.08467381167209
2011-01-30 19:00:00,70.76019815171553
2011-01-30 20:00:00,72.96972121130979
2011-01-30 21:00:00,49.66270483530951
2011-01-30 22:00:00,40.781163037917
2011-01-30 23:00:00,40.09933730841041
2011-01-31 00:00:00,36.53777717464919
2011-01-31 01:00:00,43.58879586601424
2011-01-31 02:00:00,57.57222194440229
2011-01-31 03:00:00,66.14348924921158
2011-01-31 04:00:00,73.97605172715865
2011-01-31 05:00:00,71.06310327573982
2011-01-31 06:00:00,67.62281117440249
2011-01-31 07:00:00,79.74414584975409
2011-01-31 08:00:00,86.37681806132068
2011-01-31 09:00:00,88.73304509987263
2011-01-31 10:00:00,100.42503764526523
2011-01-31 11:00:00,102.23626364452676
2011-01-31 12:00:00,115.75941724199848
2011-01-31 13:00:00,114.6317063459476
2011-01-31 14:00:00,113.73826472412699
2011-01-31 15:00:00,106.84993141083635
2011-01-31 16:00:00,104.94776588608613
2011-01-31 17:00:00,97.59966305631599
2011-01-31 18:00:00,95.24255410385186
2011-01-31 19:00:00,127.57388769540383
2011-01-31 20:00:00,50.61171920351359
2011-01-31 21:00:00,49.97471093798845
2011-01-31 22:00:00,76.6722158705285
2011-01-31 23:00:00,69.12170431103283
2011-02-20 00:00:00,47.469793656300084
2011-02-20 01:00:00,42.394326642877076
2011-02-20 02:00:00,42.231003807951566
2011-02-20 03:00:00,41.915233501390304
2011-02-20 04:00:00,50.58406453732053
2011-02-20 06:00:00,75.62325624051374
2011-02-20 07:00:00,69.71352763694065
2011-02-20 08:00:00,86.55351177940824
2011-02-20 09:00:00,97.01862491248728
2011-02-20 10:00:00,125.20936698627732
2011-02-20 11:00:00,155.75681976325475
2011-02-20 12:00:00,160.61565409851613
2011-02-20 13:00:00,173.81281021009997
2011-02-20 14:00:00,194.98593912693343
2011-02-20 15:00:00,194.71366142709945
2011-02-20 16:00:00,190.9532153982385
2011-02-20 17:00:00,179.49471072533984
2011-02-20 18:00:00,167.70699974176705
2011-02-20 19:00:00,165.07425182514757
2011-02-20 20:00:00,152.49532691139342
2011-02-20 21:00:00,121.77071076035698
2011-02-20 22:00:00,111.15017577661641
2011-02-20 23:00:00,91.0820298986312
2011-02-21 00:00:00,54.98831307641029
2011-02-21 01:00:00,66.95322947292968
2011-02-21 02:00:00,78.17986222260244
2011-02-21 03:00:00,91.31633651592468
2011-02-21 04:00:00,106.45172376218694
2011-02-21 05:00:00,136.8188536899372
2011-02-21 06:00:00,168.19216848381222
2011-02-21 07:00:00,177.8393525159942
2011-02-21 08:00:00,108.15126150582088
2011-02-21 09:00:00,114.67759787598527
2011-02-21 10:00:00,120.81960182407765
2011-02-21 11:00:00,131.78218781509366
2011-02-21 12:00:00,118.6353301352654
2011-02-21 13:00:00,69.8007743583748
2011-02-21 14:00:00,103.99783865844407
2011-02-21 15:00:00,98.59176283921448
2011-02-21 16:00:00,63.39459511722964
2011-02-21 17:00:00,87.23980787271981
2011-02-21 18:00:00,50.26505413239451
2011-02-21 19:00:00,47.78159365665226
2011-02-21 20:00:00,29.518306962509314
2011-02-21 21:00:00,22.421170202150734
2011-02-21 22:00:00,6.243726753090527
2011-02-21 23:00:00,0.0
2011-02-22 06:00:00,59.6316594770598
2011-02-22 07:00:00,64.83951168206251
2011-02-22 08:00:00,71.92442019119594
2011-02-22 09:00:00,81.57346967131585
2011-02-22 10:00:00,92.22625606712259
2011-02-22 11:00:00,102.01386930523631
2011-02-22 12:00:00,115.072979505596
2011-02-22 13:00:00,123.1232384289359
2011-02-22 14:00:00,124.18738364866641
2011-02-22 15:00:00,133.05372117784955
2011-02-22 16:00:00,126.23990985703355
2011-02-22 17:00:00,124.03416568024534
2011-02-22 18:00:00,124.27648333998437
2011-02-22 19:00:00,114.98254686553258
2011-02-22 20:00:00,112.32919849834569
2011-02-22 21:00:00,108.92128963966293
2011-02-22 22:00:00,89.85125668530056
2011-02-22 23:00:00,83.38139172644739
2011-02-23 00:00:00,40.680098775230675
2011-02-23 01:00:00,55.73503248341311
2011-02-23 02:00:00,61.30397457919895
2011-02-23 03:00:00,66.68970294654507
2011-02-23 05:00:00,82.4831992875851
2011-02-23 06:00:00,87.6024661568092
2011-02-23 07:00:00,88.0725190194012
2011-02-23 08:00:00,93.41581817776205
2011-02-23 09:00:00,109.97928200239345
2011-02-23 10:00:00,127.67905774475787
2011-02-23 11:00:00,137.03960500356885
2011-02-23 12:00:00,150.71569063837404
2011-02-23 13:00:00,168.6041461903953
2011-02-23 14:00:00,175.5593880676433
2011-02-23 15:00:00,185.2396307284118
2011-02-23 16:00:00,182.86388047087382
2011-02-23 17:00:00,185.83352120636079
2011-02-23 18:00:00,177.5551222747993
2011-02-23 19:00:00,159.22692216996998
2011-02-23 20:00:00,114.7813585913922
2011-02-23 21:00:00,118.09370710919995
2011-02-23 22:00:00,112.68883970282114
2011-02-23 23:00:00,98.26456692971533
2011-02-24 00:00:00,46.64707146790977
2011-02-24 01:00:00,51.51041681836057
2011-02-24 02:00:00,53.96715394406604
2011-02-24 03:00:00,60.18653624575995
2011-02-24 05:00:00,69.63625314743935
2011-02-24 06:00:00,73.21646910407935
2011-02-24 07:00:00,75.67161572660142
2011-02-24 08:00:00,89.47359089639528
2011-02-24 09:00:00,84.4321778592391
2011-02-24 10:00:00,100.79672011753833
2011-02-24 11:00:00,122.87597826565647
2011-02-24 12:00:00,145.82912848529898
2011-02-24 13:00:00,164.66373375385558
2011-02-24 14:00:00,178.4287426629443
2011-02-24 15:00:00,136.62155361111192
2011-02-24 16:00:00,132.7359492143254
2011-02-24 17:00:00,123.02078082832094
2011-02-24 18:00:00,120.09747449831809
2011-02-24 19:00:00,71.96163296200687
2011-02-24 20:00:00,110.97287363379644
2011-02-24 21:00:00,117.48056204816757
2011-02-24 22:00:00,74.14698462086665
2011-02-24 23:00:00,99.98198391261946
2011-02-25 00:00:00,7.667390010036229
2011-02-25 01:00:00,16.101188315040844
2011-02-25 02:00:00,27.0370224098273
2011-02-25 03:00:00,40.591147084824655
2011-02-25 05:00:00,59.70315405974253
2011-02-25 06:00:00,54.65010564403241
2011-02-25 07:00:00,46.15130783421276
2011-02-25 08:00:00,66.0359983464462
2011-02-25 09:00:00,41.87786171734308
2011-02-25 10:00:00,72.53368496445194
2011-02-25 11:00:00,158.12784603630655
2011-02-25 12:00:00,149.41570163353225
2011-02-25 13:00:00,156.4280835630137
2011-02-25 14:00:00,154.8332091446277
2011-02-25 15:00:00,194.25098397999074
2011-02-25 16:00:00,156.14297347057794
2011-02-25 17:00:00,136.67537531321335
2011-02-25 18:00:00,158.08559628475172
2011-02-25 19:00:00,148.6406415525854
2011-02-25 20:00:00,143.1058105508106
2011-02-25 21:00:00,143.25329797108762
2011-02-25 22:00:00,126.05866702024954
2011-02-25 23:00:00,123.83958084208712
2011-02-26 00:00:00,42.614212683452564
2011-02-26 01:00:00,44.45594766125694
2011-02-26 02:00:00,31.71107559577726
2011-02-26 03:00:00,62.05510349046759
2011-02-26 04:00:00,71.78809487668394
2011-02-26 05:00:00,69.47168281698785
2011-02-26 06:00:00,74.85081063769476
2011-02-26 07:00:00,78.8231914078576
2011-02-26 08:00:00,98.94905433885444
2011-02-26 09:00:00,104.66411018446937
2011-02-26 10:00:00,132.38081619747328
2011-02-26 11:00:00,136.8519421864702
2011-02-26 12:00:00,148.89603786899056
2011-02-26 13:00:00,157.50064654166445
2011-02-26 14:00:00,162.15328965569992
2011-02-26 15:00:00,169.57018185608564
2011-02-26 16:00:00,163.72225270645947
2011-02-26 17:00:00,169.39492163684832
2011-02-26 18:00:00,152.91035086800153
2011-02-26 19:00:00,136.43328945252
2011-02-26 20:00:00,110.38393807425575
2011-02-26 21:00:00,83.39384891006563
2011-02-26 22:00:00,57.79780606532145
2011-02-26 23:00:00,51.87861042370528
2011-02-27 00:00:00,0.0
2011-02-27 01:00:00,0.0
2011-02-27 02:00:00,0.0
2011-02-27 03:00:00,7.076774482067975
2011-02-27 04:00:00,6.678291212499204
2011-02-27 06:00:00,22.093857497941684
2011-02-27 07:00:00,23.16130269895362
2011-02-27 08:00:00,35.08758349137932
2011-02-27 09:00:00,44.63743834252497
2011-02-27 10:00:00,65.51367802637768
2011-02-27 11:00:00,125.0192162173152
2011-02-27 12:00:00,160.6728813193729
2011-02-27 13:00:00,177.7992368410543
2011-02-27 14:00:00,193.37080366862614
2011-02-27 15:00:00,211.3571347087105
2011-02-27 16:00:00,222.79018062981223
2011-02-27 17:00:00,180.60884632203977
2011-02-27 18:00:00,171.54814786757785
2011-02-27 19:00:00,165.84248242571744
2011-02-27 20:00:00,159.34689649842514
2011-02-27 21:00:00,137.79284412043702
2011-02-27 22:00:00,136.39825581273908
2011-02-27 23:00:00,117.75663817176327
2011-02-28 00:00:00,53.53639892751656
2011-02-28 01:00:00,0.0
2011-02-28 03:00:00,36.529811016958064
2011-02-28 05:00:00,86.09062480054712
2011-02-28 06:00:00,86.40763700627406
2011-02-28 07:00:00,98.63909801687478
2011-02-28 08:00:00,89.38502279086444
2011-02-28 09:00:00,119.63979058131432
2011-02-28 10:00:00,138.8489359488981
2011-02-28 11:00:00,178.14505577283717
2011-02-28 12:00:00,185.78245285769492
2011-02-28 13:00:00,110.23953952615508
2011-02-28 14:00:00,93.22199270490742
2011-02-28 15:00:00,95.72088404719472
2011-02-28 16:00:00,105.88880034149224
2011-02-28 17:00:00,93.7797532057742
2011-02-28 18:00:00,120.53120862677211
2011-02-28 19:00:00,89.55793273065848
2011-02-28 20:00:00,90.375792257563
2011-02-28 21:00:00,142.58738842109142
2011-02-28 22:00:00,59.90634721288944
2011-02-28 23:00:00,114.34723804151844
2011-03-20 00:00:00,51.25129243095134
2011-03-20 01:00:00,56.22556122724009
2011-03-20 02:00:00,70.55401402055682
2011-03-20 03:00:00,69.0996676983223
2011-03-20 04:00:00,73.49672527238681
2011-03-20 05:00:00,73.79242653193535
2011-03-20 06:00:00,79.65430666562551
2011-03-20 07:00:00,77.63714879584901
2011-03-20 08:00:00,103.79750590869969
2011-03-20 09:00:00,123.58484310302912
2011-03-20 10:00:00,153.56364180168458
2011-03-20 11:00:00,169.24698774646654
2011-03-20 12:00:00,177.3454803713469
2011-03-20 13:00:00,193.8243802411996
2011-03-20 14:00:00,209.95289725634942
2011-03-20 15:00:00,214.48023382342691
2011-03-20 16:00:00,215.4719491168253
2011-03-20 17:00:00,221.08201024658982
2011-03-20 18:00:00,205.4808972288114
2011-03-20 19:00:00,175.85632278958525
2011-03-20 20:00:00,168.11771498356694
2011-03-20 21:00:00,142.63483387752458
2011-03-20 22:00:00,135.6867532608986
2011-03-20 23:00:00,80.74208623690161
2011-03-21 00:00:00,0.0
2011-03-21 01:00:00,29.584506417842334
2011-03-21 02:00:00,47.937482422628676
2011-03-21 03:00:00,60.74747237850542
2011-03-21 05:00:00,73.0989098961972
2011-03-21 06:00:00,55.884451604524685
2011-03-21 07:00:00,33.51279264482906
2011-03-21 08:00:00,84.97677268496743
2011-03-21 09:00:00,110.46170048051067
2011-03-21 10:00:00,134.62315955583142
2011-03-21 11:00:00,158.31667092278332
2011-03-21 12:00:00,162.17332920846687
2011-03-21 13:00:00,199.2484927894317
2011-03-21 14:00:00,214.5051391355104
2011-03-21 15:00:00,231.1045805961777
2011-03-21 16:00:00,228.87055057233556
2011-03-21 17:00:00,232.85645570221186
2011-03-21 18:00:00,219.46333847775693
2011-03-21 19:00:00,275.87280335883565
2011-03-21 20:00:00,246.80133162527588
2011-03-21 21:00:00,167.79808334777695
2011-03-21 22:00:00,181.19583649853206
2011-03-21 23:00:00,162.268131407864
2011-03-22 00:00:00,9.780872463678264
2011-03-22 01:00:00,0.4475009653487234
2011-03-22 02:00:00,25.74116747898674
2011-03-22 03:00:00,62.823014377495326
2011-03-22 04:00:00,75.33925709542838
2011-03-22 05:00:00,78.06366702410028
2011-03-22 06:00:00,86.68657617100195
2011-03-22 07:00:00,114.21738816831603
2011-03-22 08:00:00,146.09569701535497
2011-03-22 09:00:00,149.66372267947162
2011-03-22 10:00:00,177.7814977833053
2011-03-22 11:00:00,200.12043725384308
2011-03-22 12:00:00,215.454838734139
2011-03-22 13:00:00,234.17324679140395
2011-03-22 14:00:00,251.21584629794813
2011-03-22 15:00:00,250.71477131276987
2011-03-22 16:00:00,244.14138938955332
2011-03-22 17:00:00,247.81876363085036
2011-03-22 18:00:00,239.57884058122997
2011-03-22 19:00:00,226.5765964179411
2011-03-22 20:00:00,232.98019939569633
2011-03-22 21:00:00,223.89067148819782
2011-03-22 22:00:00,210.21156477572632
2011-03-22 23:00:00,209.19609451769907
2011-03-23 00:00:00,3.3822296360532675
2011-03-23 01:00:00,7.178830820463418
2011-03-23 02:00:00,19.391161491664747
2011-03-23 03:00:00,56.95314701170665
2011-03-23 05:00:00,35.3129482244255
2011-03-23 06:00:00,75.20803878909227
2011-03-23 07:00:00,73.75040292213598
2011-03-23 08:00:00,92.82209088281026
2011-03-23 09:00:00,107.72878646050336
2011-03-23 10:00:00,118.73660742206609
2011-03-23 11:00:00,118.40225924331166
2011-03-23 12:00:00,123.23023460865338
2011-03-23 13:00:00,91.26620596769119
2011-03-23 14:00:00,137.0644044319272
2011-03-23 15:00:00,160.530493314068
2011-03-23 16:00:00,178.83164448953514
2011-03-23 17:00:00,182.26270166751937
2011-03-23 18:00:00,125.10786605719606
2011-03-23 19:00:00,125.8014541978538
2011-03-23 20:00:00,86.2866572497429
2011-03-23 21:00:00,65.65636936156511
2011-03-23 22:00:00,125.50932600125446
2011-03-23 23:00:00,69.35131777241307
2011-03-24 00:00:00,0.0
2011-03-24 01:00:00,0.0
2011-03-24 02:00:00,0.0
2011-03-24 03:00:00,12.861487074484472
2011-03-24 04:00:00,24.03350535883763
2011-03-24 05:00:00,44.980061113775406
2011-03-24 06:00:00,54.833659715273484
2011-03-24 07:00:00,17.01525801597316
2011-03-24 08:00:00,17.053139535884412
2011-03-24 09:00:00,76.35688974879113
2011-03-24 10:00:00,78.46596848779225
2011-03-24 11:00:00,113.71769080053252
2011-03-24 12:00:00,135.11796734671697
2011-03-24 13:00:00,147.25877762489927
2011-03-24 14:00:00,145.58801667686004
2011-03-24 15:00:00,150.44183699503077
2011-03-24 16:00:00,159.25922887734635
2011-03-24 17:00:00,154.40798159117605
2011-03-24 18:00:00,167.68160381127376
2011-03-24 19:00:00,187.17353359298693
2011-03-24 20:00:00,165.62480693659194
2011-03-24 21:00:00,148.43417517754688
2011-03-24 22:00:00,139.44448063923795
2011-03-24 23:00:00,128.5419505746572
2011-03-25 00:00:00,32.090658994405516
2011-03-25 01:00:00,26.29152970667215
2011-03-25 02:00:00,36.483991175049624
2011-03-25 03:00:00,48.53070318348307
2011-03-25 04:00:00,46.91352044704749
2011-03-25 05:00:00,55.91827828678677
2011-03-25 06:00:00,63.78434786676601
2011-03-25 07:00:00,97.9691159417505
2011-03-25 08:00:00,124.19564843965178
2011-03-25 09:00:00,138.88320713174286
2011-03-25 10:00:00,138.75818564459672
2011-03-25 11:00:00,175.88865841699823
2011-03-25 12:00:00,191.01363377328
2011-03-25 13:00:00,199.86786379161427
2011-03-25 14:00:00,232.1522905920143
2011-03-25 15:00:00,208.28974970629045
2011-03-25 16:00:00,212.4406860061495
2011-03-25 17:00:00,206.70894804059267
2011-03-25 18:00:00,208.7165518265232
2011-03-25 19:00:00,203.7862926015801
2011-03-25 20:00:00,194.75086314245442
2011-03-25 21:00:00,195.80494279780294
2011-03-25 22:00:00,190.18070896182812
2011-03-25 23:00:00,177.18313074416756
2011-03-26 00:00:00,66.73249211332428
2011-03-26 01:00:00,85.28905514906788
2011-03-26 02:00:00,77.20836394534015
2011-03-26 03:00:00,75.55597088382561
2011-03-26 04:00:00,94.96863178509601
2011-03-26 05:00:00,83.15104040903292
2011-03-26 06:00:00,76.6375629384359
2011-03-26 07:00:00,95.6524025084756
2011-03-26 08:00:00,119.27445487624226
2011-03-26 09:00:00,135.62436962932594
2011-03-26 10:00:00,148.21282710088917
2011-03-26 11:00:00,164.43722530897466
2011-03-26 12:00:00,180.9468342019387
2011-03-26 13:00:00,199.39578883864058
2011-03-26 14:00:00,217.4142900605692
2011-03-26 15:00:00,220.0409162848573
2011-03-26 16:00:00,232.51309981954992
2011-03-26 17:00:00,221.8344196595798
2011-03-26 18:00:00,217.68542266026134
2011-03-26 19:00:00,161.9058134699752
2011-03-26 20:00:00,159.8106424900196
2011-03-26 21:00:00,144.8292791991554
2011-03-26 22:00:00,157.83141040120339
2011-03-26 23:00:00,139.47565638101946
2011-03-27 00:00:00,65.6908231905571
2011-03-27 01:00:00,50.09397326241168
2011-03-27 02:00:00,41.27083615014453
2011-03-27 03:00:00,13.368218207950008
2011-03-27 04:00:00,10.708891365878003
2011-03-27 06:00:00,0.0
2011-03-27 07:00:00,0.0
2011-03-27 08:00:00,61.018522229981954
2011-03-27 09:00:00,99.91885157854462
2011-03-27 10:00:00,105.56119921302037
2011-03-27 11:00:00,130.04016490871766
2011-03-27 12:00:00,149.40652794032275
2011-03-27 13:00:00,181.78946941209466
2011-03-27 14:00:00,196.4333713345516
2011-03-27 15:00:00,205.07660138636749
2011-03-27 16:00:00,191.04913917108726
2011-03-27 17:00:00,214.89409653420512
2011-03-27 18:00:00,195.47844676431927
2011-03-27 19:00:00,201.34304045747683
2011-03-27 20:00:00,172.59883689581466
2011-03-27 21:00:00,149.50303983355596
2011-03-27 22:00:00,145.16770705775048
2011-03-27 23:00:00,138.11455561163123
2011-03-28 00:00:00,42.29082260872664
2011-03-28 01:00:00,66.08098073481077
2011-03-28 02:00:00,77.21720579128996
2011-03-28 03:00:00,87.47769365730431
2011-03-28 05:00:00,101.20943414910215
2011-03-28 06:00:00,116.7280853872245
2011-03-28 07:00:00,128.99609292861618
2011-03-28 08:00:00,134.37983102213855
2011-03-28 09:00:00,137.6633482746053
2011-03-28 10:00:00,155.82316406753478
2011-03-28 11:00:00,157.50261892500077
2011-03-28 12:00:00,160.8377065282765
2011-03-28 13:00:00,181.59186711002664
2011-03-28 14:00:00,202.58379231665637
2011-03-28 15:00:00,207.52603520393205
2011-03-28 16:00:00,212.93534551623756
2011-03-28 17:00:00,217.59132175955833
2011-03-28 18:00:00,215.77179118727315
2011-03-28 19:00:00,197.0285356020537
2011-03-28 20:00:00,201.8706803459736
2011-03-28 21:00:00,204.70344751955253
2011-03-28 22:00:00,198.29711661248908
2011-03-28 23:00:00,190.22103945865524
2011-03-29 00:00:00,71.02272194491113
2011-03-29 01:00:00,78.79764187636974
2011-03-29 02:00:00,90.7234419405329
2011-03-29 03:00:00,101.91095835784938
2011-03-29 04:00:00,96.0333166948105
2011-03-29 05:00:00,115.0778948022259
2011-03-29 06:00:00,119.39372131804828
2011-03-29 07:00:00,125.81551689542914
2011-03-29 08:00:00,143.73147628615837
2011-03-29 09:00:00,168.44060370153264
2011-03-29 10:00:00,183.3355205522905
2011-03-29 11:00:00,182.4213995142867
2011-03-29 12:00:00,201.76436222978987
2011-03-29 13:00:00,209.66132044725
2011-03-29 14:00:00,219.92329815081072
2011-03-29 15:00:00,235.2789106546824
2011-03-29 16:00:00,236.9614482032364
2011-03-29 17:00:00,245.15550721921005
2011-03-29 18:00:00,224.13842248532802
2011-03-29 19:00:00,224.03345208494864
2011-03-29 20:00:00,223.74495968653736
2011-03-29 21:00:00,181.58663998667356
2011-03-29 22:00:00,170.25850719911273
2011-03-29 23:00:00,164.89958827178066
2011-03-30 00:00:00,49.33096998823703
2011-03-30 01:00:00,84.50429342148311
2011-03-30 02:00:00,74.4343669537819
2011-03-30 03:00:00,95.31244356708807
2011-03-30 04:00:00,96.58462933194012
2011-03-30 05:00:00,101.96121326477785
2011-03-30 06:00:00,121.38392981474232
2011-03-30 07:00:00,139.23985657173432
2011-03-30 08:00:00,142.15929859362367
2011-03-30 09:00:00,152.77959268749012
2011-03-30 10:00:00,163.36755651607618
2011-03-30 11:00:00,170.17779716500067
2011-03-30 12:00:00,176.7963250754586
2011-03-30 13:00:00,188.62236719739448
2011-03-30 14:00:00,192.50470632453448
2011-03-30 15:00:00,84.688078828682
2011-03-30 16:00:00,80.31651014664327
2011-03-30 17:00:00,67.17936206884323
2011-03-30 18:00:00,112.25390335947793
2011-03-30 19:00:00,112.09607692933476
2011-03-30 20:00:00,51.91801492585532
2011-03-30 21:00:00,102.29780582711814
2011-03-30 22:00:00,46.843254452111125
2011-03-30 23:00:00,40.83733900014511
2011-03-31 00:00:00,0.0
2011-03-31 01:00:00,0.0
2011-03-31 02:00:00,0.0
2011-03-31 03:00:00,0.0
2011-03-31 04:00:00,0.0
2011-03-31 05:00:00,9.155767521338134
2011-03-31 06:00:00,10.70266643857667
2011-03-31 07:00:00,22.62099849451721
2011-03-31 08:00:00,52.85789840463812
2011-03-31 09:00:00,38.989569932274804
2011-03-31 10:00:00,44.50650820130963
2011-03-31 11:00:00,57.11646766542975
2011-03-31 12:00:00,61.189801884670146
2011-03-31 13:00:00,81.35247590268219
2011-03-31 14:00:00,83.97286543905548
2011-03-31 15:00:00,80.14834465299238
2011-03-31 16:00:00,128.43996831681937
2011-03-31 17:00:00,130.58879035783536
2011-03-31 18:00:00,128.4237662655343
2011-03-31 19:00:00,128.53425505276223
2011-03-31 20:00:00,65.729839874236
2011-03-31 21:00:00,110.14945385958907
2011-03-31 22:00:00,62.93849501219103
2011-03-31 23:00:00,37.326083794549504
2011-04-20 00:00:00,8.580477441279527
2011-04-20 01:00:00,11.078260872405366
2011-04-20 02:00:00,25.638937497670355
2011-04-20 03:00:00,32.611928065361724
2011-04-20 04:00:00,36.319864123916005
2011-04-20 05:00:00,62.99098232635748
2011-04-20 06:00:00,76.49880753026349
2011-04-20 07:00:00,79.97911424729445
2011-04-20 08:00:00,196.11344372606993
2011-04-20 09:00:00,229.14738088931728
2011-04-20 10:00:00,205.20634909417265
2011-04-20 11:00:00,215.45815057644688
2011-04-20 12:00:00,304.6154797040442
2011-04-20 13:00:00,315.9589291257595
2011-04-20 14:00:00,351.60553443345395
2011-04-20 15:00:00,354.36133732468113
2011-04-20 16:00:00,363.9963912781624
2011-04-20 17:00:00,364.33701730838425
2011-04-20 18:00:00,398.7873133347213
2011-04-20 19:00:00,379.5306444055576
2011-04-20 20:00:00,357.0721058648933
2011-04-20 21:00:00,372.96049076326653
2011-04-20 22:00:00,354.78892608188346
2011-04-20 23:00:00,362.4897993212496
2011-04-21 00:00:00,104.32806791470452
2011-04-21 01:00:00,114.11107726442964
2011-04-21 02:00:00,130.25679978659173
2011-04-21 03:00:00,103.1897549056123
2011-04-21 04:00:00,111.76583079023722
2011-04-21 05:00:00,113.76629618271151
2011-04-21 06:00:00,115.0397014749862
2011-04-21 07:00:00,157.39923752831572
2011-04-21 08:00:00,158.7677752543636
2011-04-21 09:00:00,186.0713244419309
2011-04-21 10:00:00,213.20783073216492
2011-04-21 11:00:00,230.22186389127472
2011-04-21 12:00:00,241.52687906861667
2011-04-21 13:00:00,273.1602176841784
2011-04-21 14:00:00,288.55114240859143
2011-04-21 15:00:00,311.95145397106813
2011-04-21 16:00:00,318.9046727362712
2011-04-21 17:00:00,297.5915947898376
2011-04-21 18:00:00,319.2307262893613
2011-04-21 19:00:00,302.4532268886394
2011-04-21 20:00:00,277.20222245965033
2011-04-21 21:00:00,251.48496068946025
2011-04-21 22:00:00,251.12069375100302
2011-04-21 23:00:00,235.98146553251908
2011-04-22 00:00:00,45.84267852395939
2011-04-22 01:00:00,74.94214448274624
2011-04-22 02:00:00,88.61145934658603
2011-04-22 03:00:00,102.33241670152853
2011-04-22 04:00:00,111.5508807225232
2011-04-22 05:00:00,122.90850502095002
2011-04-22 06:00:00,134.61998891247515
2011-04-22 07:00:00,135.44362973818318
2011-04-22 08:00:00,145.78125385077908
2011-04-22 09:00:00,104.18981342553978
2011-04-22 10:00:00,156.27504749889948
2011-04-22 11:00:00,117.25346827469387
2011-04-22 12:00:00,106.5003152006951
2011-04-22 13:00:00,91.45569621822668
2011-04-22 14:00:00,92.57438348862412
2011-04-22 15:00:00,98.49633585130437
2011-04-22 16:00:00,100.02255135441106
2011-04-22 17:00:00,83.2789266670257
2011-04-22 18:00:00,84.0231514606321
2011-04-22 19:00:00,84.02909260739185
2011-04-22 20:00:00,94.02783330296262
2011-04-22 21:00:00,75.43249615452203
2011-04-22 22:00:00,58.41836592735311
2011-04-22 23:00:00,76.53456158662674
2011-04-23 00:00:00,0.0
2011-04-23 01:00:00,0.0
2011-04-23 02:00:00,0.0
2011-04-23 03:00:00,0.0
2011-04-23 04:00:00,0.0
2011-04-23 05:00:00,4.7667712783812135
2011-04-23 06:00:00,28.38119726126172
2011-04-23 07:00:00,14.92742417173639
2011-04-23 08:00:00,48.724095610874855
2011-04-23 09:00:00,82.49964900153934
2011-04-23 10:00:00,114.59889910309259
2011-04-23 11:00:00,134.01807506996488
2011-04-23 12:00:00,180.14817404415712
2011-04-23 13:00:00,186.2965392971049
2011-04-23 14:00:00,227.29635105377733
2011-04-23 15:00:00,263.65431753416044
2011-04-23 16:00:00,261.1486303799128
2011-04-23 17:00:00,270.66727035351175
2011-04-23 18:00:00,231.11409586493286
2011-04-23 19:00:00,222.7474594362297
2011-04-23 20:00:00,204.43323602837086
2011-04-23 21:00:00,229.3592638743005
2011-04-23 22:00:00,248.82390880656484
2011-04-23 23:00:00,195.7861260942999
2011-04-24 00:00:00,31.136350962252237
2011-04-24 01:00:00,27.811208947080587
2011-04-24 02:00:00,42.16635580304555
2011-04-24 03:00:00,33.786454276928424
2011-04-24 04:00:00,46.08413033582568
2011-04-24 05:00:00,57.64352274787629
2011-04-24 06:00:00,59.12148477949657
2011-04-24 07:00:00,68.85927293674781
2011-04-24 08:00:00,103.9670077662908
2011-04-24 09:00:00,145.14687768356154
2011-04-24 10:00:00,191.790186057323
2011-04-24 11:00:00,254.93584421765766
2011-04-24 12:00:00,283.2609843876231
2011-04-24 13:00:00,321.83294551836343
2011-04-24 14:00:00,344.8993157346465
2011-04-24 15:00:00,310.0065440553724
2011-04-24 16:00:00,396.044040789738
2011-04-24 17:00:00,316.38874817650316
2011-04-24 18:00:00,285.11396111043916
2011-04-24 19:00:00,207.19808728556382
2011-04-24 20:00:00,209.0181111756128
2011-04-24 21:00:00,145.88618768442075
2011-04-24 22:00:00,128.78408283780888
2011-04-24 23:00:00,120.08534114461152
2011-04-25 00:00:00,0.0
2011-04-25 01:00:00,7.520858847059827
2011-04-25 02:00:00,22.896271805981286
2011-04-25 03:00:00,44.887734933781644
2011-04-25 04:00:00,58.08105660561861
2011-04-25 05:00:00,65.02156209866975
2011-04-25 06:00:00,80.28167322793087
2011-04-25 07:00:00,97.05210703623251
2011-04-25 08:00:00,125.79141681054988
2011-04-25 09:00:00,154.64408514104244
2011-04-25 10:00:00,198.68699546265304
2011-04-25 11:00:00,209.53291752887446
2011-04-25 12:00:00,224.78659555427828
2011-04-25 13:00:00,258.14788775159946
2011-04-25 14:00:00,291.4060331919518
2011-04-25 15:00:00,308.70748476581514
2011-04-25 16:00:00,313.43240350768986
2011-04-25 17:00:00,316.52731770881013
2011-04-25 18:00:00,316.8931885843933
2011-04-25 19:00:00,313.4549008509269
2011-04-25 20:00:00,307.55854233579703
2011-04-25 21:00:00,283.48669836700856
2011-04-25 22:00:00,277.3350812527097
2011-04-25 23:00:00,255.4584323190046
2011-04-26 00:00:00,60.04451876531127
2011-04-26 01:00:00,70.60103375214749
2011-04-26 02:00:00,61.580250662761756
2011-04-26 03:00:00,66.23924653813701
2011-04-26 04:00:00,93.06189657046298
2011-04-26 05:00:00,95.26923747584581
2011-04-26 06:00:00,111.00812654347803
2011-04-26 07:00:00,139.08442777629847
2011-04-26 08:00:00,151.8556695303373
2011-04-26 09:00:00,198.57708652623293
2011-04-26 10:00:00,223.12426832254926
2011-04-26 11:00:00,248.50419212860524
2011-04-26 12:00:00,273.85499293275956
2011-04-26 13:00:00,313.2708346940093
2011-04-26 14:00:00,302.5007362764749
2011-04-26 15:00:00,302.4891208930225
2011-04-26 16:00:00,318.4913379978605
2011-04-26 17:00:00,312.61995962358947
2011-04-26 18:00:00,318.6705774109961
2011-04-26 19:00:00,294.78486629525037
2011-04-26 20:00:00,295.48004581374045
2011-04-26 21:00:00,275.78621138571276
2011-04-26 22:00:00,251.44471926822837
2011-04-26 23:00:00,255.8336502287135
2011-04-27 00:00:00,33.711428246308316
2011-04-27 01:00:00,51.74931607298021
2011-04-27 02:00:00,56.527739342332154
2011-04-27 03:00:00,70.76740077378176
2011-04-27 04:00:00,72.83300330688444
2011-04-27 05:00:00,88.81081581534411
2011-04-27 06:00:00,101.93604941637038
2011-04-27 07:00:00,130.16728196569338
2011-04-27 08:00:00,142.59873055237622
2011-04-27 09:00:00,155.82936935409634
2011-04-27 10:00:00,184.69127135902568
2011-04-27 11:00:00,209.53637871614472
2011-04-27 12:00:00,232.04696326359357
2011-04-27 13:00:00,235.12394444261045
2011-04-27 14:00:00,265.44644560270376
2011-04-27 15:00:00,309.63181334726613
2011-04-27 16:00:00,304.7205295953637
2011-04-27 17:00:00,212.66010341118124
2011-04-27 18:00:00,218.71035399906663
2011-04-27 19:00:00,273.9152527506883
2011-04-27 20:00:00,274.4835944755875
2011-04-27 21:00:00,256.4880167043637
2011-04-27 22:00:00,262.74448223256115
2011-04-27 23:00:00,267.26912933556645
2011-04-28 00:00:00,49.21512919055732
2011-04-28 01:00:00,45.20604448822934
2011-04-28 02:00:00,59.66006336743271
2011-04-28 03:00:00,94.35067284159062
2011-04-28 04:00:00,97.38123569382186
2011-04-28 05:00:00,115.5280660784967
2011-04-28 06:00:00,140.87147628991607
2011-04-28 07:00:00,157.28462503451487
2011-04-28 08:00:00,176.74632189317066
2011-04-28 09:00:00,124.32909325009865
2011-04-28 10:00:00,176.3494475716542
2011-04-28 11:00:00,198.97866292415313
2011-04-28 12:00:00,220.32518871245418
2011-04-28 13:00:00,219.9747571069618
2011-04-28 14:00:00,232.9790069454971
2011-04-28 15:00:00,287.7342280053432
2011-04-28 16:00:00,258.4790309699675
2011-04-28 17:00:00,343.7044853206804
2011-04-28 18:00:00,350.6863682148031
2011-04-28 19:00:00,354.01880593781664
2011-04-28 20:00:00,324.49424029719756
2011-04-28 21:00:00,302.46247271538823
2011-04-28 22:00:00,301.3845347305036
2011-04-28 23:00:00,300.5721602171071
2011-04-29 00:00:00,111.26004017128018
2011-04-29 01:00:00,112.54605671756163
2011-04-29 02:00:00,88.80642473102581
2011-04-29 03:00:00,109.97640992631715
2011-04-29 04:00:00,139.8890914251973
2011-04-29 05:00:00,159.88790012194292
2011-04-29 06:00:00,189.78908558697862
2011-04-29 07:00:00,209.9032423917937
2011-04-29 08:00:00,236.34117092278865
2011-04-29 09:00:00,249.1341479242373
2011-04-29 10:00:00,263.04692321825996
2011-04-29 11:00:00,296.29913757874056
2011-04-29 12:00:00,288.80161494399357
2011-04-29 13:00:00,298.8036375924305
2011-04-29 14:00:00,338.3224672362172
2011-04-29 15:00:00,295.4137604187768
2011-04-29 16:00:00,293.79451893811745
2011-04-29 17:00:00,288.7846576927859
2011-04-29 18:00:00,303.04565131025686
2011-04-29 19:00:00,268.7372926314233
2011-04-29 20:00:00,282.318723537682
2011-04-29 21:00:00,267.0101928657043
2011-04-29 22:00:00,234.50204072501953
2011-04-29 23:00:00,238.29654600541363
2011-04-30 00:00:00,83.37700059634645
2011-04-30 01:00:00,99.487754796085
2011-04-30 02:00:00,112.38301830611991
2011-04-30 03:00:00,120.72132951715973
2011-04-30 04:00:00,132.48835803699285
2011-04-30 05:00:00,150.22938045403606
2011-04-30 06:00:00,144.45590522607495
2011-04-30 07:00:00,165.87817483503406
2011-04-30 08:00:00,172.80314245992
2011-04-30 09:00:00,203.49700901526913
2011-04-30 10:00:00,242.93167195955365
2011-04-30 11:00:00,261.8760042023913
2011-04-30 12:00:00,278.85137091282076
2011-04-30 13:00:00,295.2581486895533
2011-04-30 14:00:00,294.95824427997917
2011-04-30 15:00:00,302.8427240259143
2011-04-30 16:00:00,323.2890039050071
2011-04-30 17:00:00,297.0300108155489
2011-04-30 18:00:00,290.66326411577256
2011-04-30 19:00:00,292.41713533873167
2011-04-30 20:00:00,202.81696755665192
2011-04-30 21:00:00,201.83932790047513
2011-04-30 22:00:00,183.5046175232518
2011-04-30 23:00:00,180.88971478613263
2011-05-20 00:00:00,0.0
2011-05-20 01:00:00,0.0
2011-05-20 02:00:00,10.227197699548043
2011-05-20 03:00:00,19.545182106732966
2011-05-20 04:00:00,51.3502034440539
2011-05-20 05:00:00,64.91779465821872
2011-05-20 06:00:00,93.94394539009566
2011-05-20 07:00:00,141.1767352449865
2011-05-20 08:00:00,167.98223317282054
2011-05-20 09:00:00,196.3246858864713
2011-05-20 10:00:00,219.20606420822867
2011-05-20 11:00:00,238.02931986843674
2011-05-20 12:00:00,272.94656795195294
2011-05-20 13:00:00,242.46385009590563
2011-05-20 14:00:00,309.6882377240654
2011-05-20 15:00:00,298.72592988211335
2011-05-20 16:00:00,309.77222139360833
2011-05-20 17:00:00,304.54231526987854
2011-05-20 18:00:00,322.46662540990496
2011-05-20 19:00:00,280.5611488021827
2011-05-20 20:00:00,286.1889055043457
2011-05-20 21:00:00,280.60446434577784
2011-05-20 22:00:00,238.1517960444471
2011-05-20 23:00:00,258.8467102858345
2011-05-21 00:00:00,46.92419464851943
2011-05-21 01:00:00,67.8607325398278
2011-05-21 02:00:00,89.03219493456214
2011-05-21 03:00:00,67.03006840852963
2011-05-21 04:00:00,60.497392300163
2011-05-21 05:00:00,69.79053100498189
2011-05-21 06:00:00,109.16012966749354
2011-05-21 07:00:00,154.75301799969145
2011-05-21 08:00:00,194.85820833096045
2011-05-21 09:00:00,233.1224856182815
2011-05-21 10:00:00,243.74495310387476
2011-05-21 11:00:00,283.8410968274204
2011-05-21 12:00:00,286.7016074148863
2011-05-21 13:00:00,319.10901700036777
2011-05-21 14:00:00,341.8257577221633
2011-05-21 15:00:00,376.3870341562325
2011-05-21 16:00:00,390.1652718459742
2011-05-21 17:00:00,381.88046706929447
2011-05-21 18:00:00,371.27601576525103
2011-05-21 19:00:00,367.6129215003132
2011-05-21 20:00:00,282.0512512955702
2011-05-21 21:00:00,302.52350113358716
2011-05-21 22:00:00,278.0220753228356
2011-05-21 23:00:00,227.9847283360229
2011-05-22 00:00:00,22.209108962775474
2011-05-22 01:00:00,15.055993131213143
2011-05-22 02:00:00,27.94179390940957
2011-05-22 03:00:00,19.504936382808978
2011-05-22 04:00:00,23.66617454755297
2011-05-22 05:00:00,44.07037632196639
2011-05-22 06:00:00,78.06412941447728
2011-05-22 07:00:00,111.72745124213452
2011-05-22 08:00:00,186.52605448570452
2011-05-22 09:00:00,216.3368134647024
2011-05-22 10:00:00,244.74122909518593
2011-05-22 11:00:00,313.2844768086828
2011-05-22 12:00:00,334.87310106452617
2011-05-22 13:00:00,314.47945770538604
2011-05-22 14:00:00,241.09677242371168
2011-05-22 15:00:00,308.37219624260143
2011-05-22 16:00:00,319.3429989808345
2011-05-22 17:00:00,358.24165709750423
2011-05-22 18:00:00,332.91874749694966
2011-05-22 19:00:00,333.1084449798651
2011-05-22 20:00:00,311.33687419061505
2011-05-22 21:00:00,286.3584361970744
2011-05-22 22:00:00,235.9239473092041
2011-05-22 23:00:00,234.49533731387544
2011-05-23 00:00:00,23.050591832271238
2011-05-23 01:00:00,33.32207098525291
2011-05-23 02:00:00,24.949193770010595
2011-05-23 03:00:00,27.495866086504805
2011-05-23 04:00:00,71.74072914980582
2011-05-23 05:00:00,84.79817821789635
2011-05-23 06:00:00,87.2470188971688
2011-05-23 07:00:00,116.12038445942274
2011-05-23 08:00:00,141.30200186299186
2011-05-23 09:00:00,154.8343010589128
2011-05-23 10:00:00,211.8613423239016
2011-05-23 11:00:00,241.57996409915353
2011-05-23 12:00:00,253.38397373393963
2011-05-23 13:00:00,289.2662922894958
2011-05-23 14:00:00,290.93789797175737
2011-05-23 15:00:00,302.0567470577059
2011-05-23 16:00:00,307.3206302679671
2011-05-23 17:00:00,251.71120235373624
2011-05-23 18:00:00,299.84149266727195
2011-05-23 19:00:00,299.47260605789063
2011-05-23 20:00:00,259.2023161654033
2011-05-23 21:00:00,251.59753092856022
2011-05-23 22:00:00,234.93939100207413
2011-05-23 23:00:00,252.86995333340457
2011-05-24 00:00:00,14.376072879085086
2011-05-24 01:00:00,32.59137083433839
2011-05-24 02:00:00,49.02617648689082
2011-05-24 03:00:00,65.01427868199755
2011-05-24 04:00:00,85.96733057140172
2011-05-24 05:00:00,95.11516579408634
2011-05-24 06:00:00,109.52816849607794
2011-05-24 07:00:00,124.35362695649323
2011-05-24 08:00:00,123.3548220961523
2011-05-24 09:00:00,196.47036208232015
2011-05-24 10:00:00,253.8599135562344
2011-05-24 11:00:00,286.35310976423443
2011-05-24 12:00:00,324.89960255287303
2011-05-24 13:00:00,332.41137607541066
2011-05-24 14:00:00,345.84242732362065
2011-05-24 15:00:00,272.88307376211066
2011-05-24 16:00:00,278.23323953624737
2011-05-24 17:00:00,301.8044822419007
2011-05-24 18:00:00,303.183750430082
2011-05-24 19:00:00,287.4524405423011
2011-05-24 20:00:00,277.28818689309145
2011-05-24 21:00:00,262.76576797640666
2011-05-24 22:00:00,203.35891232301788
2011-05-24 23:00:00,246.19148681955556
2011-05-25 00:00:00,6.860505225518921
2011-05-25 01:00:00,23.571521702882706
2011-05-25 02:00:00,45.91420477996439
2011-05-25 03:00:00,42.380283257979556
2011-05-25 04:00:00,55.63234488696639
2011-05-25 05:00:00,96.66130470979279
2011-05-25 06:00:00,97.50055160777391
2011-05-25 07:00:00,168.78788817898084
2011-05-25 08:00:00,199.69359410238036
2011-05-25 09:00:00,219.72062562623574
2011-05-25 10:00:00,244.45134986384915
2011-05-25 11:00:00,283.59685326732284
2011-05-25 12:00:00,294.35426549794397
2011-05-25 13:00:00,305.04797261146155
2011-05-25 14:00:00,318.3192446790179
2011-05-25 15:00:00,349.4203443390255
2011-05-25 16:00:00,353.5324432095757
2011-05-25 17:00:00,355.808066293163
2011-05-25 18:00:00,345.6219671314944
2011-05-25 19:00:00,327.09924665421545
2011-05-25 20:00:00,336.3851418963908
2011-05-25 21:00:00,305.14166279466593
2011-05-25 22:00:00,325.06237577340994
2011-05-25 23:00:00,294.40626568920754
2011-05-26 00:00:00,64.04613740868078
2011-05-26 01:00:00,82.50078145157576
2011-05-26 02:00:00,73.59429320713193
2011-05-26 03:00:00,74.27310266803183
2011-05-26 04:00:00,83.33482631602945
2011-05-26 05:00:00,109.31648834004419
2011-05-26 06:00:00,96.0081479309901
2011-05-26 07:00:00,130.19818441897206
2011-05-26 08:00:00,175.609290683655
2011-05-26 09:00:00,234.47759872894358
2011-05-26 10:00:00,241.76811987224067
2011-05-26 11:00:00,279.16079823660726
2011-05-26 12:00:00,328.5039182714828
2011-05-26 13:00:00,366.0152669570973
2011-05-26 14:00:00,378.2220324304459
2011-05-26 15:00:00,385.5522783558655
2011-05-26 16:00:00,387.0263365234722
2011-05-26 17:00:00,408.29022535875697
2011-05-26 18:00:00,421.535585225147
2011-05-26 19:00:00,417.97704742936077
2011-05-26 20:00:00,359.5533869372598
2011-05-26 21:00:00,348.27216347141723
2011-05-26 22:00:00,341.1689217831662
2011-05-26 23:00:00,353.41892401474405
2011-05-27 00:00:00,84.0457030615623
2011-05-27 01:00:00,131.399997803549
2011-05-27 02:00:00,139.67205882952555
2011-05-27 03:00:00,139.65330585007447
2011-05-27 04:00:00,145.92034562054954
2011-05-27 05:00:00,176.07335491911647
2011-05-27 06:00:00,173.46143100380343
2011-05-27 07:00:00,183.90604676605875
2011-05-27 08:00:00,206.80135964463074
2011-05-27 09:00:00,251.44130504502937
2011-05-27 10:00:00,298.9636913356127
2011-05-27 11:00:00,300.7593326465867
2011-05-27 12:00:00,319.6310655791933
2011-05-27 13:00:00,322.4066023162893
2011-05-27 14:00:00,352.0613675951355
2011-05-27 15:00:00,385.3250356500637
2011-05-27 16:00:00,367.99499096759064
2011-05-27 17:00:00,378.6584995320179
2011-05-27 18:00:00,356.59317635199426
2011-05-27 19:00:00,230.61544926966974
2011-05-27 20:00:00,300.106605374677
2011-05-27 21:00:00,256.89932627240125
2011-05-27 22:00:00,278.19298365429506
2011-05-27 23:00:00,245.8874793192178
2011-05-28 00:00:00,30.46648409013116
2011-05-28 01:00:00,48.947626066508235
2011-05-28 02:00:00,43.245852185585164
2011-05-28 03:00:00,75.74954233398972
2011-05-28 04:00:00,90.9292474592435
2011-05-28 05:00:00,102.854878586675
2011-05-28 06:00:00,136.20157087581939
2011-05-28 07:00:00,154.24921664091093
2011-05-28 08:00:00,183.97613356045144
2011-05-28 09:00:00,219.71685168876093
2011-05-28 10:00:00,270.6589029754832
2011-05-28 11:00:00,281.28838612096
2011-05-28 12:00:00,320.31982291794475
2011-05-28 13:00:00,319.54239447150894
2011-05-28 14:00:00,343.8526263274321
2011-05-28 15:00:00,359.88343187939694
2011-05-28 16:00:00,383.3340506010627
2011-05-28 17:00:00,383.034985620597
2011-05-28 18:00:00,359.9564036408224
2011-05-28 19:00:00,335.5035175465298
2011-05-28 20:00:00,343.7309703221515
2011-05-28 21:00:00,313.4985536699205
2011-05-28 22:00:00,290.21435224315275
2011-05-28 23:00:00,258.6131489581728
2011-05-29 00:00:00,58.41603731299392
2011-05-29 01:00:00,54.2158323374679
2011-05-29 02:00:00,66.67917743962758
2011-05-29 03:00:00,81.47833482057814
2011-05-29 04:00:00,89.16992325148823
2011-05-29 05:00:00,86.16023458352156
2011-05-29 06:00:00,133.03395269306333
2011-05-29 07:00:00,147.06059557931763
2011-05-29 08:00:00,158.33833960599148
2011-05-29 09:00:00,151.99721012411794
2011-05-29 10:00:00,209.5508121699111
2011-05-29 11:00:00,222.4950116033971
2011-05-29 12:00:00,274.2176857754756
2011-05-29 13:00:00,308.9633376682096
2011-05-29 14:00:00,326.7894122344533
2011-05-29 15:00:00,337.1131746031982
2011-05-29 16:00:00,343.6643942575381
2011-05-29 17:00:00,350.99445979881045
2011-05-29 18:00:00,340.47486069225397
2011-05-29 19:00:00,342.34317813855273
2011-05-29 20:00:00,310.2276173309953
2011-05-29 21:00:00,283.24937508157404
2011-05-29 22:00:00,244.53340863432234
2011-05-29 23:00:00,250.4645263411939
2011-05-30 00:00:00,6.74004625040854
2011-05-30 01:00:00,20.971394278256184
2011-05-30 02:00:00,40.72855536422932
2011-05-30 03:00:00,56.6153844508697
2011-05-30 04:00:00,65.05221433013068
2011-05-30 05:00:00,82.38602609325328
2011-05-30 06:00:00,99.6221535283487
2011-05-30 07:00:00,105.43214266250467
2011-05-30 08:00:00,145.26203846814434
2011-05-30 09:00:00,217.82715944738408
2011-05-30 10:00:00,325.80643120711875
2011-05-30 11:00:00,321.30353564957875
2011-05-30 12:00:00,376.76089823186953
2011-05-30 13:00:00,389.95428484258935
2011-05-30 14:00:00,406.31028627094975
2011-05-30 15:00:00,455.02169759974544
2011-05-30 16:00:00,469.9300333601036
2011-05-30 17:00:00,455.7826754483731
2011-05-30 18:00:00,454.6824767460052
2011-05-30 19:00:00,264.3039518579768
2011-05-30 20:00:00,344.9119794485922
2011-05-30 21:00:00,333.7957735538551
2011-05-30 22:00:00,326.1052976863488
2011-05-30 23:00:00,276.13663110224667
2011-05-31 00:00:00,49.561315564138425
2011-05-31 01:00:00,45.17012988527361
2011-05-31 02:00:00,56.58584487359818
2011-05-31 03:00:00,67.5594680767249
2011-05-31 04:00:00,104.27733988647284
2011-05-31 05:00:00,119.37030193424977
2011-05-31 06:00:00,146.3290843998016
2011-05-31 07:00:00,199.9979904813092
2011-05-31 08:00:00,240.70723818024138
2011-05-31 09:00:00,267.3519465262038
2011-05-31 10:00:00,286.5236120308146
2011-05-31 11:00:00,309.53756265352854
2011-05-31 12:00:00,338.70073386186345
2011-05-31 13:00:00,381.60542252311006
2011-05-31 14:00:00,372.3802390663328
2011-05-31 15:00:00,406.038511708005
2011-05-31 16:00:00,412.12441955936043
2011-05-31 17:00:00,388.82167067449365
2011-05-31 18:00:00,394.02656534892145
2011-05-31 19:00:00,346.6260635116313
2011-05-31 20:00:00,352.57789536673783
2011-05-31 21:00:00,342.3943193903023
2011-05-31 22:00:00,337.27337648495575
2011-05-31 23:00:00,305.9426753863704
2011-06-20 00:00:00,38.19036302276865
2011-06-20 01:00:00,39.43719622371873
2011-06-20 02:00:00,56.48718391008097
2011-06-20 03:00:00,49.07474033632582
2011-06-20 04:00:00,61.23212457820509
2011-06-20 05:00:00,85.31998685434115
2011-06-20 06:00:00,104.88005008085545
2011-06-20 07:00:00,91.94628382881356
2011-06-20 08:00:00,111.54843144560527
2011-06-20 09:00:00,183.32014962846878
2011-06-20 10:00:00,195.24036263209916
2011-06-20 11:00:00,199.53683403138945
2011-06-20 12:00:00,229.59603312074995
2011-06-20 13:00:00,245.05091417808256
2011-06-20 14:00:00,266.04221876999236
2011-06-20 15:00:00,277.7555516118464
2011-06-20 16:00:00,306.68734096146346
2011-06-20 17:00:00,296.5955477466378
2011-06-20 18:00:00,326.5319124520655
2011-06-20 19:00:00,308.0839147337294
2011-06-20 20:00:00,306.012993739254
2011-06-20 21:00:00,287.2827509456283
2011-06-20 22:00:00,300.42553327479015
2011-06-20 23:00:00,288.74278969742954
2011-06-21 00:00:00,17.775719002127744
2011-06-21 01:00:00,19.002041885655046
2011-06-21 02:00:00,24.82111495582035
2011-06-21 03:00:00,39.65361372939202
2011-06-21 04:00:00,80.7974525744554
2011-06-21 05:00:00,94.74151958546543
2011-06-21 06:00:00,108.00893584025766
2011-06-21 07:00:00,104.16308158810833
2011-06-21 08:00:00,134.6797565507832
2011-06-21 09:00:00,147.8234049269617
2011-06-21 10:00:00,171.44545005789814
2011-06-21 11:00:00,165.53998746537079
2011-06-21 12:00:00,206.47725242198675
2011-06-21 13:00:00,242.639100584642
2011-06-21 14:00:00,270.7637244527249
2011-06-21 15:00:00,296.69423644138885
2011-06-21 16:00:00,311.75583838841095
2011-06-21 17:00:00,299.58370445784385
2011-06-21 18:00:00,306.8577496431853
2011-06-21 19:00:00,297.8739225355497
2011-06-21 20:00:00,249.79788479431775
2011-06-21 21:00:00,280.91646810182687
2011-06-21 22:00:00,251.59939443670874
2011-06-21 23:00:00,263.9904587656678
2011-06-22 00:00:00,18.929125450914427
2011-06-22 01:00:00,36.326648904489815
2011-06-22 02:00:00,47.92072125505243
2011-06-22 03:00:00,69.77680746719227
2011-06-22 04:00:00,64.18172377592842
2011-06-22 05:00:00,64.65249959267405
2011-06-22 06:00:00,94.93355985455834
2011-06-22 07:00:00,125.45188514985631
2011-06-22 08:00:00,162.8406582777174
2011-06-22 09:00:00,168.65488468569916
2011-06-22 10:00:00,209.12610065813976
2011-06-22 11:00:00,215.77664231177488
2011-06-22 12:00:00,285.3157602199731
2011-06-22 13:00:00,309.4544927393475
2011-06-22 14:00:00,327.16324860308123
2011-06-22 15:00:00,332.9379178864144
2011-06-22 16:00:00,341.51463152216036
2011-06-22 17:00:00,348.6880299596503
2011-06-22 18:00:00,347.1890803608626
2011-06-22 19:00:00,362.13399033373014
2011-06-22 20:00:00,279.50568356898754
2011-06-22 21:00:00,276.79503835770646
2011-06-22 22:00:00,295.87545596548625
2011-06-22 23:00:00,301.7999841367407
2011-06-23 00:00:00,22.53808398709228
2011-06-23 01:00:00,53.905961507677375
2011-06-23 02:00:00,72.7692722323104
2011-06-23 03:00:00,104.63209948341526
2011-06-23 04:00:00,107.57485426581437
2011-06-23 05:00:00,123.02365505976532
2011-06-23 06:00:00,138.59630653277898
2011-06-23 07:00:00,168.58115604870525
2011-06-23 08:00:00,194.5798993937383
2011-06-23 09:00:00,207.0195120026596
2011-06-23 10:00:00,234.33721002204055
2011-06-23 11:00:00,203.80473442043788
2011-06-23 12:00:00,262.96597848129613
2011-06-23 13:00:00,280.5780384313168
2011-06-23 14:00:00,286.04305891270377
2011-06-23 15:00:00,320.14632654800175
2011-06-23 16:00:00,302.50143149867915
2011-06-23 17:00:00,292.63885673035895
2011-06-23 18:00:00,295.3557162485007
2011-06-23 19:00:00,298.6890256132315
2011-06-23 20:00:00,275.7807206344432
2011-06-23 21:00:00,276.7262899101015
2011-06-23 22:00:00,299.7573845874232
2011-06-23 23:00:00,294.04862869328247
2011-06-24 00:00:00,14.940268606622055
2011-06-24 01:00:00,19.326860600911687
2011-06-24 02:00:00,37.84081135900922
2011-06-24 03:00:00,54.95941356528019
2011-06-24 04:00:00,68.29485535355347
2011-06-24 05:00:00,64.14063280403235
2011-06-24 06:00:00,99.77599706944247
2011-06-24 07:00:00,132.6638745154714
2011-06-24 08:00:00,164.5330111602205
2011-06-24 09:00:00,209.15575959107977
2011-06-24 10:00:00,289.9786651388145
2011-06-24 11:00:00,313.8938977746521
2011-06-24 12:00:00,318.0836001987206
2011-06-24 13:00:00,336.6140943572491
2011-06-24 14:00:00,329.92571691189244
2011-06-24 15:00:00,380.01117212296595
2011-06-24 16:00:00,383.46253824365954
2011-06-24 17:00:00,357.68958672619624
2011-06-24 18:00:00,369.02393154251297
2011-06-24 19:00:00,354.3553096712602
2011-06-24 20:00:00,337.44209402155207
2011-06-24 21:00:00,326.406222272012
2011-06-24 22:00:00,308.6512228165071
2011-06-24 23:00:00,316.99329088239136
2011-06-25 00:00:00,115.8746378580326
2011-06-25 01:00:00,120.29456399573678
2011-06-25 02:00:00,150.10530267781684
2011-06-25 03:00:00,130.60853818472106
2011-06-25 04:00:00,144.95186705693828
2011-06-25 05:00:00,139.3001639038488
2011-06-25 06:00:00,172.91738403365054
2011-06-25 07:00:00,187.9183090164853
2011-06-25 08:00:00,238.7951452605937
2011-06-25 09:00:00,262.42136152966714
2011-06-25 10:00:00,269.0927307169949
2011-06-25 11:00:00,272.9688750462801
2011-06-25 12:00:00,313.1367881275374
2011-06-25 13:00:00,322.2588404411801
2011-06-25 14:00:00,322.0068230262573
2011-06-25 15:00:00,294.18613574449057
2011-06-25 16:00:00,350.84962793342004
2011-06-25 17:00:00,343.37769567366104
2011-06-25 18:00:00,335.1353905804001
2011-06-25 19:00:00,338.776139545429
2011-06-25 20:00:00,321.9704266658589
2011-06-25 21:00:00,302.62099598716065
2011-06-25 22:00:00,318.8223995375474
2011-06-25 23:00:00,328.1191567849547
2011-06-26 00:00:00,84.21435157985921
2011-06-26 01:00:00,105.82438704522177
2011-06-26 02:00:00,107.17613694863194
2011-06-26 03:00:00,97.17391925130867
2011-06-26 04:00:00,109.85764591174816
2011-06-26 05:00:00,115.50991888646735
2011-06-26 06:00:00,127.04842208814333
2011-06-26 07:00:00,149.85779926341314
2011-06-26 08:00:00,182.90930202378445
2011-06-26 09:00:00,208.76277509671203
2011-06-26 10:00:00,257.38871893602936
2011-06-26 11:00:00,275.4819798493362
2011-06-26 12:00:00,305.7613147053249
2011-06-26 13:00:00,294.1597005853592
2011-06-26 14:00:00,318.8460054540567
2011-06-26 15:00:00,307.2967538856331
2011-06-26 16:00:00,337.4157103469007
2011-06-26 17:00:00,343.80080052729454
2011-06-26 18:00:00,348.67155204213464
2011-06-26 19:00:00,338.7828355792381
2011-06-26 20:00:00,329.3271121747331
2011-06-26 21:00:00,316.48548531440645
2011-06-26 22:00:00,288.30067856466127
2011-06-26 23:00:00,296.71140930699977
2011-06-27 00:00:00,3.6312936252036536
2011-06-27 01:00:00,56.434797712464245
2011-06-27 02:00:00,37.11571426559462
2011-06-27 03:00:00,51.727384226696984
2011-06-27 04:00:00,92.75542819922785
2011-06-27 05:00:00,108.93607939250066
2011-06-27 06:00:00,131.85129454672662
2011-06-27 07:00:00,156.05734607807125
2011-06-27 08:00:00,152.39745831578713
2011-06-27 09:00:00,217.9177049772645
2011-06-27 10:00:00,236.02833340322238
2011-06-27 11:00:00,229.1085027098772
2011-06-27 12:00:00,249.04207150755082
2011-06-27 13:00:00,264.81801465524677
2011-06-27 14:00:00,267.0087828009918
2011-06-27 15:00:00,277.1209436826952
2011-06-27 16:00:00,276.30557977744587
2011-06-27 17:00:00,286.5193517337324
2011-06-27 18:00:00,278.7927664097389
2011-06-27 19:00:00,288.3566138400675
2011-06-27 20:00:00,266.87520046992745
2011-06-27 21:00:00,253.80320740616276
2011-06-27 22:00:00,241.3593304917379
2011-06-27 23:00:00,242.23221621100564
2011-06-28 00:00:00,39.10943609335351
2011-06-28 01:00:00,41.39780824085278
2011-06-28 02:00:00,81.37030504396333
2011-06-28 03:00:00,97.0689184112972
2011-06-28 04:00:00,88.0370720844234
2011-06-28 05:00:00,93.07037740231809
2011-06-28 06:00:00,105.81108171549407
2011-06-28 07:00:00,124.77811547645524
2011-06-28 08:00:00,149.70434100076577
2011-06-28 09:00:00,175.56911526418935
2011-06-28 10:00:00,257.1385729893784
2011-06-28 11:00:00,264.2274986211929
2011-06-28 12:00:00,300.4823051611256
2011-06-28 13:00:00,292.66722836212705
2011-06-28 14:00:00,335.1608618597687
2011-06-28 15:00:00,325.45735936674714
2011-06-28 16:00:00,357.63110241546514
2011-06-28 17:00:00,291.20559761033337
2011-06-28 18:00:00,291.28656441903934
2011-06-28 19:00:00,330.7343379416203
2011-06-28 20:00:00,275.004218912634
2011-06-28 21:00:00,311.87708540092456
2011-06-28 22:00:00,291.70938970612303
2011-06-28 23:00:00,293.02927422739737
2011-06-29 00:00:00,30.557982508155305
2011-06-29 01:00:00,36.94434961447328
2011-06-29 02:00:00,43.76220856726238
2011-06-29 03:00:00,78.93765514232575
2011-06-29 04:00:00,73.21740553208163
2011-06-29 05:00:00,87.5665297921889
2011-06-29 06:00:00,139.62353811088974
2011-06-29 07:00:00,190.70795431070607
2011-06-29 08:00:00,218.3767257221638
2011-06-29 09:00:00,242.90830515184118
2011-06-29 10:00:00,264.14526211037685
2011-06-29 11:00:00,289.6920654038296
2011-06-29 12:00:00,302.92636145676965
2011-06-29 13:00:00,337.7467134510787
2011-06-29 14:00:00,338.95212365063
2011-06-29 15:00:00,353.956033014495
2011-06-29 16:00:00,382.5134188516321
2011-06-29 17:00:00,399.35655040571385
2011-06-29 18:00:00,386.26421137898984
2011-06-29 19:00:00,374.0864566889927
2011-06-29 20:00:00,361.2508970348422
2011-06-29 21:00:00,349.52197949525225
2011-06-29 22:00:00,335.6464365699961
2011-06-29 23:00:00,323.73114395918316
2011-06-30 00:00:00,78.01995763627986
2011-06-30 01:00:00,87.7554115547949
2011-06-30 02:00:00,94.72403467088678
2011-06-30 03:00:00,102.48830532525972
2011-06-30 04:00:00,102.28905741492463
2011-06-30 05:00:00,119.22156292007915
2011-06-30 06:00:00,140.87106597247518
2011-06-30 07:00:00,162.82530454870528
2011-06-30 08:00:00,216.6878449910092
2011-06-30 09:00:00,242.74677228165825
2011-06-30 10:00:00,258.6833480738695
2011-06-30 11:00:00,279.2849091785223
2011-06-30 12:00:00,302.35919737351594
2011-06-30 13:00:00,319.1250612348183
2011-06-30 14:00:00,339.4090251557327
2011-06-30 15:00:00,362.51445714017837
2011-06-30 16:00:00,367.8361271591948
2011-06-30 17:00:00,386.7551017576933
2011-06-30 18:00:00,374.5707172109845
2011-06-30 19:00:00,359.18882427643587
2011-06-30 20:00:00,364.33197708573937
2011-06-30 21:00:00,344.16633412945856
2011-06-30 22:00:00,337.57161867994193
2011-06-30 23:00:00,284.7230346317225
2011-07-20 00:00:00,15.797105922631062
2011-07-20 01:00:00,29.66788840590752
2011-07-20 02:00:00,47.01374208444173
2011-07-20 03:00:00,69.60709547141553
2011-07-20 04:00:00,78.23637656338896
2011-07-20 05:00:00,100.03835142227828
2011-07-20 06:00:00,124.20406947304451
2011-07-20 07:00:00,153.1063977295455
2011-07-20 08:00:00,167.57931477267005
2011-07-20 09:00:00,196.31486120193844
2011-07-20 10:00:00,205.98457629693874
2011-07-20 11:00:00,256.8122006828943
2011-07-20 12:00:00,272.6957238976473
2011-07-20 13:00:00,317.85813259869605
2011-07-20 14:00:00,345.1608423629257
2011-07-20 15:00:00,354.37965278209396
2011-07-20 16:00:00,325.6307564092974
2011-07-20 17:00:00,356.2298958651903
2011-07-20 18:00:00,368.5039429732394
2011-07-20 19:00:00,349.75693161184995
2011-07-20 20:00:00,338.43957242385363
2011-07-20 21:00:00,351.6514940729595
2011-07-20 22:00:00,344.87738762106085
2011-07-20 23:00:00,330.4573458188569
2011-07-21 00:00:00,59.43987908897756
2011-07-21 01:00:00,56.75670618028764
2011-07-21 02:00:00,76.41886989794443
2011-07-21 03:00:00,106.3653018491959
2011-07-21 04:00:00,110.55292452343805
2011-07-21 05:00:00,127.06798343232849
2011-07-21 06:00:00,142.84475869437227
2011-07-21 07:00:00,162.46718994116515
2011-07-21 08:00:00,194.70828420813538
2011-07-21 09:00:00,232.48507230262814
2011-07-21 10:00:00,264.52381391727727
2011-07-21 11:00:00,309.51280542367135
2011-07-21 12:00:00,339.48686074813565
2011-07-21 13:00:00,351.7499618204962
2011-07-21 14:00:00,387.31053692438013
2011-07-21 15:00:00,390.614047941556
2011-07-21 16:00:00,421.52409221003825
2011-07-21 17:00:00,438.3117730048356
2011-07-21 18:00:00,428.0804827458543
2011-07-21 19:00:00,393.69791958762755
2011-07-21 20:00:00,374.57387178349296
2011-07-21 21:00:00,367.1573745487618
2011-07-21 22:00:00,368.638940430635
2011-07-21 23:00:00,358.5299028275708
2011-07-22 00:00:00,85.8114354523563
2011-07-22 01:00:00,95.21900275983657
2011-07-22 02:00:00,80.0014207312186
2011-07-22 03:00:00,107.06561745127502
2011-07-22 04:00:00,119.05241578305387
2011-07-22 05:00:00,120.74979195257289
2011-07-22 06:00:00,151.36205678490649
2011-07-22 07:00:00,217.60064162252874
2011-07-22 08:00:00,253.58638174933913
2011-07-22 09:00:00,261.27902699377387
2011-07-22 10:00:00,312.91632199180384
2011-07-22 11:00:00,331.89398670711
2011-07-22 12:00:00,374.9286345419214
2011-07-22 13:00:00,387.13071497692465
2011-07-22 14:00:00,428.1075818336045
2011-07-22 15:00:00,427.10723308049864
2011-07-22 16:00:00,377.0109984733115
2011-07-22 17:00:00,397.8668963398902
2011-07-22 18:00:00,436.36413715378444
2011-07-22 19:00:00,421.16887254149094
2011-07-22 20:00:00,367.7943318517237
2011-07-22 21:00:00,372.91500595061666
2011-07-22 22:00:00,416.8573641259045
2011-07-22 23:00:00,380.3123913518109
2011-07-23 00:00:00,125.87273917660725
2011-07-23 01:00:00,161.45604494042507
2011-07-23 02:00:00,171.31951756053408
2011-07-23 03:00:00,146.6972897244761
2011-07-23 04:00:00,156.766156424316
2011-07-23 05:00:00,183.60280531669903
2011-07-23 06:00:00,238.2293166754281
2011-07-23 07:00:00,249.66522905058426
2011-07-23 08:00:00,299.4604389505125
2011-07-23 09:00:00,306.01142158018195
2011-07-23 10:00:00,351.03115681699404
2011-07-23 11:00:00,387.0605244885352
2011-07-23 12:00:00,402.99437707644313
2011-07-23 13:00:00,427.3020010221444
2011-07-23 14:00:00,401.60733053996046
2011-07-23 15:00:00,423.9629926686954
2011-07-23 16:00:00,454.173220418962
2011-07-23 17:00:00,462.8924973307636
2011-07-23 18:00:00,472.5670352229149
2011-07-23 19:00:00,383.4652949044214
2011-07-23 20:00:00,383.1381862164654
2011-07-23 21:00:00,388.01589722971016
2011-07-23 22:00:00,373.3258763425682
2011-07-23 23:00:00,360.6909781236983
2011-07-24 00:00:00,120.16987341064939
2011-07-24 01:00:00,112.82973313540549
2011-07-24 02:00:00,145.7083588722794
2011-07-24 03:00:00,163.0229424500202
2011-07-24 04:00:00,163.92875056605655
2011-07-24 05:00:00,178.26924118847293
2011-07-24 06:00:00,229.54191482968878
2011-07-24 07:00:00,238.60415631648536
2011-07-24 08:00:00,279.34510128386205
2011-07-24 09:00:00,298.8422045342431
2011-07-24 10:00:00,342.8239855354587
2011-07-24 11:00:00,333.82392554741955
2011-07-24 12:00:00,388.15441983128017
2011-07-24 13:00:00,376.9184217615108
2011-07-24 14:00:00,387.99348123785285
2011-07-24 15:00:00,436.67849596306974
2011-07-24 16:00:00,446.4609573842156
2011-07-24 17:00:00,439.88251170080366
2011-07-24 18:00:00,437.9422138555472
2011-07-24 19:00:00,420.1426646453926
2011-07-24 20:00:00,409.9319614248086
2011-07-24 21:00:00,356.03646318709457
2011-07-24 22:00:00,311.3363116735644
2011-07-24 23:00:00,327.71783480372267
2011-07-25 00:00:00,69.29402029307023
2011-07-25 01:00:00,80.48828259398502
2011-07-25 02:00:00,89.5248570916533
2011-07-25 03:00:00,79.3932353028444
2011-07-25 04:00:00,89.44831448222408
2011-07-25 05:00:00,105.25509156933049
2011-07-25 06:00:00,144.19094258627914
2011-07-25 07:00:00,165.88818317155372
2011-07-25 08:00:00,190.96065624393597
2011-07-25 09:00:00,207.75088035983927
2011-07-25 10:00:00,237.41723205957464
2011-07-25 11:00:00,288.9787553782904
2011-07-25 12:00:00,302.08935738893314
2011-07-25 13:00:00,254.22684923059225
2011-07-25 14:00:00,253.40275416771877
2011-07-25 15:00:00,238.6494288591877
2011-07-25 16:00:00,235.48511940062917
2011-07-25 17:00:00,243.29331480748777
2011-07-25 18:00:00,268.01265378879134
2011-07-25 19:00:00,279.18686841206545
2011-07-25 20:00:00,278.3036260517283
2011-07-25 21:00:00,231.43537586609654
2011-07-25 22:00:00,233.70098999998493
2011-07-25 23:00:00,250.74683471909873
2011-07-26 00:00:00,28.002788623211785
2011-07-26 01:00:00,46.51266828823637
2011-07-26 02:00:00,39.67914734055066
2011-07-26 03:00:00,57.57801802230861
2011-07-26 04:00:00,77.11006346005485
2011-07-26 05:00:00,82.42360776111488
2011-07-26 06:00:00,120.91610067750709
2011-07-26 07:00:00,181.9380909305509
2011-07-26 08:00:00,217.36606628776275
2011-07-26 09:00:00,264.1608136240908
2011-07-26 10:00:00,301.8255017796021
2011-07-26 11:00:00,300.1688785756276
2011-07-26 12:00:00,320.2550894970082
2011-07-26 13:00:00,353.3607726668962
2011-07-26 14:00:00,373.68987570215415
2011-07-26 15:00:00,398.34147589099473
2011-07-26 16:00:00,386.17172501225195
2011-07-26 17:00:00,401.92631484532217
2011-07-26 18:00:00,400.3070941633298
2011-07-26 19:00:00,388.49349952512785
2011-07-26 20:00:00,377.1566742996897
2011-07-26 21:00:00,365.6412068070996
2011-07-26 22:00:00,338.0383434873986
2011-07-26 23:00:00,333.5983588672955
2011-07-27 00:00:00,106.30951966647514
2011-07-27 01:00:00,122.8644927851557
2011-07-27 02:00:00,134.0042128250788
2011-07-27 03:00:00,131.371298770003
2011-07-27 04:00:00,163.79037402272402
2011-07-27 05:00:00,172.65468638261217
2011-07-27 06:00:00,186.78015178070854
2011-07-27 07:00:00,219.1133964036528
2011-07-27 08:00:00,248.39104250507665
2011-07-27 09:00:00,278.89325645604174
2011-07-27 10:00:00,279.84783849489105
2011-07-27 11:00:00,300.44689319784266
2011-07-27 12:00:00,345.8327094940749
2011-07-27 13:00:00,368.66627659708433
2011-07-27 14:00:00,374.61473180160635
2011-07-27 15:00:00,398.443803788584
2011-07-27 16:00:00,398.2441730882807
2011-07-27 17:00:00,404.34294213958685
2011-07-27 18:00:00,389.29868870383825
2011-07-27 19:00:00,384.0428466767223
2011-07-27 20:00:00,364.18770693247427
2011-07-27 21:00:00,339.06585941269003
2011-07-27 22:00:00,320.2142607679715
2011-07-27 23:00:00,348.6099475762362
2011-07-28 00:00:00,89.35273089233141
2011-07-28 01:00:00,105.23756457596346
2011-07-28 02:00:00,121.91321657754547
2011-07-28 03:00:00,133.24615201086084
2011-07-28 04:00:00,137.19445684266879
2011-07-28 05:00:00,144.01685997732
2011-07-28 06:00:00,146.73498711104165
2011-07-28 07:00:00,171.2485798761261
2011-07-28 08:00:00,199.22959899563284
2011-07-28 09:00:00,242.6107539117066
2011-07-28 10:00:00,276.1605273930861
2011-07-28 11:00:00,303.6532363210969
2011-07-28 12:00:00,320.0461753985044
2011-07-28 13:00:00,350.30026626953577
2011-07-28 14:00:00,357.877859037098
2011-07-28 15:00:00,364.28181572041683
2011-07-28 16:00:00,375.38009752435835
2011-07-28 17:00:00,370.3691152890458
2011-07-28 18:00:00,378.68917766800007
2011-07-28 19:00:00,368.74262002705177
2011-07-28 20:00:00,358.7131902549263
2011-07-28 21:00:00,357.41072648118416
2011-07-28 22:00:00,338.5008546957229
2011-07-28 23:00:00,326.3161582128018
2011-07-29 00:00:00,31.44223034269868
2011-07-29 01:00:00,50.64446844235454
2011-07-29 02:00:00,63.04070257490025
2011-07-29 03:00:00,80.58199758031644
2011-07-29 04:00:00,90.42352908471102
2011-07-29 05:00:00,98.31681818134538
2011-07-29 06:00:00,137.48309483914403
2011-07-29 07:00:00,170.08831085875764
2011-07-29 08:00:00,193.82369290620457
2011-07-29 09:00:00,299.60378019752204
2011-07-29 10:00:00,342.8106605817901
2011-07-29 11:00:00,372.711575348917
2011-07-29 12:00:00,413.3287934313944
2011-07-29 13:00:00,387.77584119818664
2011-07-29 14:00:00,438.47445214217225
2011-07-29 15:00:00,453.91236068506413
2011-07-29 16:00:00,477.0178289769803
2011-07-29 17:00:00,481.61373576736145
2011-07-29 18:00:00,469.0750540454556
2011-07-29 19:00:00,447.68844159077435
2011-07-29 20:00:00,445.5949670718196
2011-07-29 21:00:00,404.1102082639532
2011-07-29 22:00:00,401.8793237514501
2011-07-29 23:00:00,369.2194891196584
2011-07-30 00:00:00,121.50590876897311
2011-07-30 01:00:00,134.74470201573297
2011-07-30 02:00:00,152.61173968537048
2011-07-30 03:00:00,147.58724667557823
2011-07-30 04:00:00,148.45684133794492
2011-07-30 05:00:00,157.4659276514533
2011-07-30 06:00:00,172.73619289063623
2011-07-30 07:00:00,206.81681319422287
2011-07-30 08:00:00,248.99365207169888
2011-07-30 09:00:00,315.0181969104332
2011-07-30 10:00:00,338.989304116174
2011-07-30 11:00:00,360.5565241693437
2011-07-30 12:00:00,375.92421584092324
2011-07-30 13:00:00,388.0137823231578
2011-07-30 14:00:00,408.6793344229494
2011-07-30 15:00:00,435.73004997768544
2011-07-30 16:00:00,463.14789138949925
2011-07-30 17:00:00,449.24365033387295
2011-07-30 18:00:00,458.5705606243354
2011-07-30 19:00:00,387.6312713451447
2011-07-30 20:00:00,399.0631750376886
2011-07-30 21:00:00,385.3888938718619
2011-07-30 22:00:00,355.8615850473336
2011-07-30 23:00:00,336.3275929190547
2011-07-31 00:00:00,117.03175573835091
2011-07-31 01:00:00,109.46755184319214
2011-07-31 02:00:00,116.15252141847861
2011-07-31 03:00:00,125.20203492801961
2011-07-31 04:00:00,122.84479003274092
2011-07-31 05:00:00,139.83646021774314
2011-07-31 06:00:00,155.7951460780917
2011-07-31 07:00:00,215.00126349517137
2011-07-31 08:00:00,250.057457630013
2011-07-31 09:00:00,274.32973848297866
2011-07-31 10:00:00,350.5457357286871
2011-07-31 11:00:00,389.2061447046135
2011-07-31 12:00:00,428.5454395619489
2011-07-31 13:00:00,435.3201019015364
2011-07-31 14:00:00,449.0963770180072
2011-07-31 15:00:00,495.62099035121133
2011-07-31 16:00:00,506.28602948409167
2011-07-31 17:00:00,502.4749857708315
2011-07-31 18:00:00,442.7437371108065
2011-07-31 19:00:00,388.38439912769945
2011-07-31 20:00:00,394.25848823082356
2011-07-31 21:00:00,373.64040068428267
2011-07-31 22:00:00,319.9518843201755
2011-07-31 23:00:00,323.92587296825764
2011-08-20 00:00:00,0.0
2011-08-20 01:00:00,24.68859122122018
2011-08-20 02:00:00,55.79383005959423
2011-08-20 03:00:00,69.96204362343249
2011-08-20 04:00:00,77.80995750781935
2011-08-20 05:00:00,74.57292829005875
2011-08-20 06:00:00,123.97661677866017
2011-08-20 07:00:00,102.42032273776974
2011-08-20 08:00:00,167.6777318103574
2011-08-20 09:00:00,202.0754305071273
2011-08-20 10:00:00,242.83384164625983
2011-08-20 11:00:00,248.326420399653
2011-08-20 12:00:00,282.0362218457352
2011-08-20 13:00:00,307.40794366988246
2011-08-20 14:00:00,359.92943218354105
2011-08-20 15:00:00,382.0675075254102
2011-08-20 16:00:00,381.6540665722471
2011-08-20 17:00:00,384.0713829456572
2011-08-20 18:00:00,354.3348607697603
2011-08-20 19:00:00,327.3212148079841
2011-08-20 20:00:00,335.84619144445145
2011-08-20 21:00:00,310.41505323391334
2011-08-20 22:00:00,309.641211709754
2011-08-20 23:00:00,278.55875860619085
2011-08-21 00:00:00,61.385252128107254
2011-08-21 01:00:00,58.596023634329214
2011-08-21 02:00:00,74.5701356852596
2011-08-21 03:00:00,72.74267241864675
2011-08-21 04:00:00,95.15637936758128
2011-08-21 05:00:00,84.71000198558704
2011-08-21 06:00:00,98.22193497648497
2011-08-21 07:00:00,141.63548678660246
2011-08-21 08:00:00,171.6117687591938
2011-08-21 09:00:00,208.83918987612776
2011-08-21 10:00:00,230.20510998313875
2011-08-21 11:00:00,306.986142459784
2011-08-21 12:00:00,339.3758670317932
2011-08-21 13:00:00,349.34889894755634
2011-08-21 14:00:00,213.78557758815055
2011-08-21 15:00:00,232.5939675220432
2011-08-21 16:00:00,253.88286399972412
2011-08-21 17:00:00,256.16565564074904
2011-08-21 18:00:00,277.6990222973898
2011-08-21 19:00:00,307.29686791246087
2011-08-21 20:00:00,274.5280955706553
2011-08-21 21:00:00,278.14173335472304
2011-08-21 22:00:00,295.16022369236174
2011-08-21 23:00:00,284.47227076987053
2011-08-22 00:00:00,35.59375225335472
2011-08-22 01:00:00,51.64892579638371
2011-08-22 02:00:00,119.31424733755236
2011-08-22 03:00:00,95.82049492243985
2011-08-22 04:00:00,134.9853074650544
2011-08-22 05:00:00,151.3279936049798
2011-08-22 06:00:00,173.83019783324102
2011-08-22 07:00:00,189.18527070128812
2011-08-22 08:00:00,203.24063129723885
2011-08-22 09:00:00,230.84266240864622
2011-08-22 10:00:00,260.45720257706745
2011-08-22 11:00:00,302.61122163519224
2011-08-22 12:00:00,318.8051743873176
2011-08-22 13:00:00,341.4977514303291
2011-08-22 14:00:00,349.4413491822383
2011-08-22 15:00:00,353.3805234757133
2011-08-22 16:00:00,368.6563466435298
2011-08-22 17:00:00,377.6058336566217
2011-08-22 18:00:00,376.37708644699376
2011-08-22 19:00:00,370.6546798933937
2011-08-22 20:00:00,347.02202096334264
2011-08-22 21:00:00,339.5875561226804
2011-08-22 22:00:00,355.41095433351813
2011-08-22 23:00:00,342.71173651236325
2011-08-23 00:00:00,101.610995873913
2011-08-23 01:00:00,103.22675166550954
2011-08-23 02:00:00,111.86523645902616
2011-08-23 03:00:00,128.81685535754926
2011-08-23 04:00:00,131.2635335342397
2011-08-23 05:00:00,146.21946332199042
2011-08-23 06:00:00,152.01443771100554
2011-08-23 07:00:00,202.18532884959194
2011-08-23 08:00:00,220.88449492676145
2011-08-23 09:00:00,247.31417941740955
2011-08-23 10:00:00,260.07590940129876
2011-08-23 11:00:00,287.37606959579244
2011-08-23 12:00:00,287.1763458228171
2011-08-23 13:00:00,320.2558913303168
2011-08-23 14:00:00,327.6355412816913
2011-08-23 15:00:00,343.488121471759
2011-08-23 16:00:00,345.57178654193206
2011-08-23 17:00:00,359.4105621864313
2011-08-23 18:00:00,362.86008215527227
2011-08-23 19:00:00,323.9240479247308
2011-08-23 20:00:00,321.9480774103481
2011-08-23 21:00:00,277.0494242089895
2011-08-23 22:00:00,300.8147990013717
2011-08-23 23:00:00,291.6357792593333
2011-08-24 00:00:00,76.13420787725374
2011-08-24 01:00:00,84.59864549019134
2011-08-24 02:00:00,80.85950024113212
2011-08-24 03:00:00,96.69376281411454
2011-08-24 04:00:00,96.86886445623449
2011-08-24 05:00:00,110.80865940851365
2011-08-24 06:00:00,116.4604015482544
2011-08-24 07:00:00,166.07601838386208
2011-08-24 08:00:00,173.8417896866201
2011-08-24 09:00:00,196.06263542210604
2011-08-24 10:00:00,248.2348075297245
2011-08-24 11:00:00,275.31020831787504
2011-08-24 12:00:00,292.6159313770279
2011-08-24 13:00:00,327.1134687607409
2011-08-24 14:00:00,338.709949024862
2011-08-24 15:00:00,350.9490917903624
2011-08-24 16:00:00,354.0539437944926
2011-08-24 17:00:00,359.501373124315
2011-08-24 18:00:00,349.03956833648283
2011-08-24 19:00:00,356.1373074927491
2011-08-24 20:00:00,348.39127067573577
2011-08-24 21:00:00,345.46558177936083
2011-08-24 22:00:00,341.58962009348795
2011-08-24 23:00:00,321.90664187320937
2011-08-25 00:00:00,44.62800651144451
2011-08-25 01:00:00,74.5948000009196
2011-08-25 02:00:00,94.1588957709432
2011-08-25 03:00:00,98.5068831626247
2011-08-25 04:00:00,105.10375048313703
2011-08-25 05:00:00,109.80701456639804
2011-08-25 06:00:00,126.03293599063504
2011-08-25 07:00:00,168.61958001814122
2011-08-25 08:00:00,200.56479730718195
2011-08-25 09:00:00,228.25956878056866
2011-08-25 10:00:00,255.75311012310087
2011-08-25 11:00:00,174.4258222322247
2011-08-25 12:00:00,183.76961876327093
2011-08-25 13:00:00,224.32010774026077
2011-08-25 14:00:00,265.23516994161326
2011-08-25 15:00:00,286.15230898666243
2011-08-25 16:00:00,235.37356507396984
2011-08-25 17:00:00,242.54682390712327
2011-08-25 18:00:00,290.36996142281527
2011-08-25 19:00:00,291.66635527504604
2011-08-25 20:00:00,278.3292883677546
2011-08-25 21:00:00,275.74778314010297
2011-08-25 22:00:00,218.80286462316525
2011-08-25 23:00:00,235.2280827657264
2011-08-26 00:00:00,11.313528369549061
2011-08-26 01:00:00,23.83265519770285
2011-08-26 02:00:00,33.51143290048674
2011-08-26 03:00:00,45.82896021385139
2011-08-26 04:00:00,58.067655835135014
2011-08-26 05:00:00,99.15419117461269
2011-08-26 06:00:00,86.01683908274173
2011-08-26 07:00:00,115.41217801306396
2011-08-26 08:00:00,142.82508241681097
2011-08-26 09:00:00,181.20840185330914
2011-08-26 10:00:00,232.78538869815526
2011-08-26 11:00:00,270.26723225286867
2011-08-26 12:00:00,283.1312620943377
2011-08-26 13:00:00,316.0500012511965
2011-08-26 14:00:00,307.60208822038874
2011-08-26 15:00:00,353.13868183632053
2011-08-26 16:00:00,323.86021741492414
2011-08-26 17:00:00,305.14114924219825
2011-08-26 18:00:00,318.04875646059565
2011-08-26 19:00:00,281.8807193212462
2011-08-26 20:00:00,285.2557481554456
2011-08-26 21:00:00,300.99395009525375
2011-08-26 22:00:00,296.42216879550347
2011-08-26 23:00:00,272.7943195791037
2011-08-27 00:00:00,30.107700178951717
2011-08-27 01:00:00,50.53125510309988
2011-08-27 02:00:00,68.89393680806302
2011-08-27 03:00:00,107.67974757699317
2011-08-27 04:00:00,123.67842035249248
2011-08-27 05:00:00,139.30935066182764
2011-08-27 06:00:00,154.25322063193784
2011-08-27 07:00:00,168.50625574691918
2011-08-27 08:00:00,181.09761035764615
2011-08-27 09:00:00,195.27852059062513
2011-08-27 10:00:00,221.64769740915975
2011-08-27 11:00:00,136.57126558949125
2011-08-27 12:00:00,162.59995963189894
2011-08-27 13:00:00,174.7190431911801
2011-08-27 14:00:00,149.53347311998442
2011-08-27 15:00:00,156.98193140088813
2011-08-27 16:00:00,164.80103436954153
2011-08-27 17:00:00,150.4694904667527
2011-08-28 07:00:00,99.68725619415245
2011-08-28 08:00:00,108.2784808945869
2011-08-28 09:00:00,193.2894644612863
2011-08-28 10:00:00,261.6845200650465
2011-08-28 11:00:00,278.22900786458104
2011-08-28 12:00:00,322.4587898066989
2011-08-28 13:00:00,356.67065847244766
2011-08-28 14:00:00,385.22619774109154
2011-08-28 15:00:00,390.40779641741824
2011-08-28 16:00:00,430.8066948306241
2011-08-28 17:00:00,399.8471477941873
2011-08-28 18:00:00,382.08792517989446
2011-08-28 19:00:00,346.85969762155025
2011-08-28 20:00:00,354.8619045335913
2011-08-28 21:00:00,290.8609357046854
2011-08-28 22:00:00,253.85284503104225
2011-08-28 23:00:00,232.2144034278885
2011-08-29 00:00:00,42.10841910025695
2011-08-29 01:00:00,66.18503749815906
2011-08-29 02:00:00,85.53402091535668
2011-08-29 03:00:00,98.59640987662164
2011-08-29 04:00:00,110.58271227106823
2011-08-29 05:00:00,114.89926345182832
2011-08-29 06:00:00,127.95468779769112
2011-08-29 07:00:00,179.499726413835
2011-08-29 08:00:00,203.16113260146292
2011-08-29 09:00:00,223.07895876807862
2011-08-29 10:00:00,249.59733295521679
2011-08-29 11:00:00,256.3430715675318
2011-08-29 12:00:00,290.14445628151293
2011-08-29 13:00:00,298.34074271171124
2011-08-29 14:00:00,282.7334610032635
2011-08-29 15:00:00,310.7291156301636
2011-08-29 16:00:00,324.5307591561302
2011-08-29 17:00:00,335.32494666592424
2011-08-29 18:00:00,321.85790676629864
2011-08-29 19:00:00,327.34802258018203
2011-08-29 20:00:00,306.26636713251787
2011-08-29 21:00:00,313.63605289774307
2011-08-29 22:00:00,296.2391107834286
2011-08-29 23:00:00,277.67721266830523
2011-08-30 00:00:00,36.750047454438146
2011-08-30 01:00:00,62.80867238421288
2011-08-30 02:00:00,66.71324670870669
2011-08-30 03:00:00,84.62465605520049
2011-08-30 04:00:00,87.8132841021892
2011-08-30 05:00:00,97.85811452548026
2011-08-30 06:00:00,122.29404332097786
2011-08-30 07:00:00,149.5542220684578
2011-08-30 08:00:00,198.81684176243027
2011-08-30 09:00:00,235.86538595529981
2011-08-30 10:00:00,276.56248375509546
2011-08-30 11:00:00,295.1273451452538
2011-08-30 12:00:00,285.7539848543687
2011-08-30 13:00:00,314.91289416452787
2011-08-30 14:00:00,334.30814123249365
2011-08-30 15:00:00,345.6139809110029
2011-08-30 16:00:00,344.0867070192548
2011-08-30 17:00:00,341.57277380272615
2011-08-30 18:00:00,332.0923244587161
2011-08-30 19:00:00,306.70223446082036
2011-08-30 20:00:00,296.37961334639954
2011-08-30 21:00:00,277.4537455905231
2011-08-30 22:00:00,268.00784087663584
2011-08-30 23:00:00,268.88993646730364
2011-08-31 00:00:00,42.97198701343467
2011-08-31 01:00:00,60.00885577625462
2011-08-31 02:00:00,61.587892463020324
2011-08-31 03:00:00,65.67383635158669
2011-08-31 04:00:00,90.50071429933068
2011-08-31 05:00:00,85.30973447901741
2011-08-31 06:00:00,104.68147143781107
2011-08-31 07:00:00,125.89780792818033
2011-08-31 08:00:00,162.59994921012836
2011-08-31 09:00:00,185.22853693559762
2011-08-31 10:00:00,260.44936653532255
2011-08-31 11:00:00,285.8919411452448
2011-08-31 12:00:00,300.64243723652106
2011-08-31 13:00:00,317.3601866822446
2011-08-31 14:00:00,324.2950164537468
2011-08-31 15:00:00,333.16688748836725
2011-08-31 16:00:00,340.06963604233397
2011-08-31 17:00:00,334.56236224772323
2011-08-31 18:00:00,335.3014558774775
2011-08-31 19:00:00,409.8057921117303
2011-08-31 20:00:00,307.81292429787254
2011-08-31 21:00:00,296.54521879737774
2011-08-31 22:00:00,259.41182309493513
2011-08-31 23:00:00,243.42365693076573
2011-09-20 00:00:00,64.02100903665223
2011-09-20 01:00:00,51.48071367248829
2011-09-20 02:00:00,67.99529555269149
2011-09-20 03:00:00,92.6343394657172
2011-09-20 04:00:00,75.96192309983547
2011-09-20 05:00:00,113.17199871547862
2011-09-20 06:00:00,126.90192565643815
2011-09-20 07:00:00,139.49395025100776
2011-09-20 08:00:00,86.16676829950771
2011-09-20 09:00:00,97.6256820841703
2011-09-20 10:00:00,124.07233065527234
2011-09-20 11:00:00,133.01729654754607
2011-09-20 12:00:00,185.08779573087608
2011-09-20 13:00:00,192.10306098612463
2011-09-20 14:00:00,220.09574036344043
2011-09-20 15:00:00,253.55913564807167
2011-09-20 16:00:00,247.8382694317271
2011-09-20 17:00:00,222.58134578269437
2011-09-20 18:00:00,227.5560018793984
2011-09-20 19:00:00,198.59890154278088
2011-09-20 20:00:00,181.5319167970057
2011-09-20 21:00:00,183.20437808420317
2011-09-20 22:00:00,184.138555724554
2011-09-20 23:00:00,184.33444971805818
2011-09-21 00:00:00,0.0
2011-09-21 01:00:00,3.406967108770715
2011-09-21 02:00:00,19.00764667113262
2011-09-21 03:00:00,66.57576663844627
2011-09-21 04:00:00,69.0839096709197
2011-09-21 05:00:00,83.6293026928289
2011-09-21 06:00:00,97.5680812398039
2011-09-21 07:00:00,110.73568910391857
2011-09-21 08:00:00,120.9323697390466
2011-09-21 09:00:00,135.1316475658922
2011-09-21 10:00:00,172.21951104611463
2011-09-21 11:00:00,208.48515772897494
2011-09-21 12:00:00,229.61561029861747
2011-09-21 13:00:00,259.20648307894226
2011-09-21 14:00:00,270.4125667082071
2011-09-21 15:00:00,272.87644463001646
2011-09-21 16:00:00,280.50727922747564
2011-09-21 17:00:00,233.1969223957882
2011-09-21 18:00:00,207.87218011402405
2011-09-21 19:00:00,167.62816379456973
2011-09-21 20:00:00,169.71041307410226
2011-09-21 21:00:00,216.97259160161832
2011-09-21 22:00:00,232.37397281492986
2011-09-21 23:00:00,207.78655205987482
2011-09-22 00:00:00,0.0
2011-09-22 01:00:00,33.36364122488712
2011-09-22 02:00:00,50.28382264152094
2011-09-22 03:00:00,66.31783254585548
2011-09-22 04:00:00,81.68750273606963
2011-09-22 05:00:00,96.64555268437792
2011-09-22 06:00:00,96.7363345270411
2011-09-22 07:00:00,109.21604280702113
2011-09-22 08:00:00,123.39294198631715
2011-09-22 09:00:00,156.68790332619935
2011-09-22 10:00:00,186.76234261306496
2011-09-22 11:00:00,197.47922387375078
2011-09-22 12:00:00,227.27088743891682
2011-09-22 13:00:00,239.07118765386303
2011-09-22 14:00:00,250.27021556220936
2011-09-22 15:00:00,272.91641118364225
2011-09-22 16:00:00,289.78329595613354
2011-09-22 17:00:00,275.4369292875296
2011-09-22 18:00:00,262.91889856883404
2011-09-22 19:00:00,253.35162955263087
2011-09-22 20:00:00,241.46850670616783
2011-09-22 21:00:00,261.19399349785806
2011-09-22 22:00:00,223.22731268214153
2011-09-22 23:00:00,231.87784768271968
2011-09-23 00:00:00,56.903941497623094
2011-09-23 01:00:00,59.19208343695411
2011-09-23 02:00:00,72.41074111176755
2011-09-23 03:00:00,91.66124953078722
2011-09-23 04:00:00,71.10632359141607
2011-09-23 05:00:00,142.21788822162137
2011-09-23 06:00:00,155.77224116645007
2011-09-23 07:00:00,125.2952479573585
2011-09-23 08:00:00,137.52222347847956
2011-09-23 09:00:00,131.2160728042544
2011-09-23 10:00:00,142.89625092230457
2011-09-23 11:00:00,152.5219195300915
2011-09-23 12:00:00,179.8373897220508
2011-09-23 13:00:00,162.91530114529897
2011-09-23 14:00:00,169.98467444871346
2011-09-23 15:00:00,202.72377169774512
2011-09-23 16:00:00,207.66579583463133
2011-09-23 17:00:00,236.25764374079316
2011-09-23 18:00:00,225.2265409576054
2011-09-23 19:00:00,272.2482422982821
2011-09-23 20:00:00,249.9232896049814
2011-09-23 21:00:00,252.3533772333364
2011-09-23 22:00:00,272.88557897584735
2011-09-23 23:00:00,270.5716244633474
2011-09-24 00:00:00,38.494763967232814
2011-09-24 01:00:00,85.34875740094816
2011-09-24 02:00:00,100.7840545021895
2011-09-24 03:00:00,98.69247323397582
2011-09-24 04:00:00,109.84996849086022
2011-09-24 05:00:00,136.34876408801316
2011-09-24 06:00:00,148.65796188617838
2011-09-24 07:00:00,175.6944155702049
2011-09-24 08:00:00,188.30021296004136
2011-09-24 09:00:00,208.20282523226334
2011-09-24 10:00:00,217.86568347606635
2011-09-24 11:00:00,250.66815904941683
2011-09-24 12:00:00,259.2171540467642
2011-09-24 13:00:00,269.0250205769673
2011-09-24 14:00:00,320.2766472690247
2011-09-24 15:00:00,327.47644207534745
2011-09-24 16:00:00,308.01789930447353
2011-09-24 17:00:00,328.25968069590067
2011-09-24 18:00:00,307.6013671224846
2011-09-24 19:00:00,255.77768080358263
2011-09-24 20:00:00,275.8785669589462
2011-09-24 21:00:00,289.5372398004856
2011-09-24 22:00:00,277.58211296570386
2011-09-24 23:00:00,276.2990287824597
2011-09-25 00:00:00,85.73730244753519
2011-09-25 01:00:00,99.86604870342256
2011-09-25 02:00:00,74.48176695499637
2011-09-25 03:00:00,87.56383054052074
2011-09-25 04:00:00,94.32945792592344
2011-09-25 05:00:00,147.15336634007306
2011-09-25 06:00:00,171.53646496747643
2011-09-25 07:00:00,162.02057260293938
2011-09-25 08:00:00,200.06097870108917
2011-09-25 09:00:00,231.4402531258403
2011-09-25 10:00:00,241.25969999082253
2011-09-25 11:00:00,280.45323679071925
2011-09-25 12:00:00,283.89926267810665
2011-09-25 13:00:00,314.92109645485334
2011-09-25 14:00:00,299.0955789746199
2011-09-25 15:00:00,305.5863116526065
2011-09-25 16:00:00,344.43087014034757
2011-09-25 17:00:00,328.2358377628741
2011-09-25 18:00:00,332.7237882335935
2011-09-25 19:00:00,297.15751996112294
2011-09-25 20:00:00,294.94487950101353
2011-09-25 21:00:00,249.35686436224552
2011-09-25 22:00:00,272.4917206062769
2011-09-25 23:00:00,267.71344737647837
2011-09-26 00:00:00,69.14031196906815
2011-09-26 01:00:00,93.88455889218395
2011-09-26 02:00:00,111.02908365120263
2011-09-26 03:00:00,118.48962952704865
2011-09-26 04:00:00,132.08014511730295
2011-09-26 05:00:00,159.1866636543328
2011-09-26 06:00:00,160.82484398867496
2011-09-26 07:00:00,173.95274854850277
2011-09-26 08:00:00,185.97281918674963
2011-09-26 09:00:00,212.71051336612476
2011-09-26 10:00:00,224.7135345746856
2011-09-26 11:00:00,264.9806226752306
2011-09-26 12:00:00,279.48822874332086
2011-09-26 13:00:00,306.8406684117999
2011-09-26 14:00:00,317.1379117217824
2011-09-26 15:00:00,348.6093437274339
2011-09-26 16:00:00,343.3525819486198
2011-09-26 17:00:00,339.44303378125926
2011-09-26 18:00:00,300.61505110734845
2011-09-26 19:00:00,306.0875361134008
2011-09-26 20:00:00,290.2778216442091
2011-09-26 21:00:00,293.67000598708034
2011-09-26 22:00:00,274.8995081136695
2011-09-26 23:00:00,276.4524211156098
2011-09-27 00:00:00,53.38744266652972
2011-09-27 01:00:00,70.80907146627732
2011-09-27 02:00:00,88.70952788202447
2011-09-27 03:00:00,117.62196814501533
2011-09-27 04:00:00,89.46300311650396
2011-09-27 05:00:00,103.18026019438163
2011-09-27 06:00:00,160.12925108714313
2011-09-27 07:00:00,173.6356981804869
2011-09-27 08:00:00,202.15125917241016
2011-09-27 09:00:00,162.41052295644553
2011-09-27 10:00:00,163.3069334782619
2011-09-27 11:00:00,242.84222575753108
2011-09-27 12:00:00,253.70652467272555
2011-09-27 13:00:00,311.56271566396595
2011-09-27 14:00:00,301.5781732540164
2011-09-27 15:00:00,302.6068558971514
2011-09-27 16:00:00,303.8769390685595
2011-09-27 17:00:00,297.5790351877008
2011-09-27 18:00:00,297.276937417666
2011-09-27 19:00:00,299.44411679223634
2011-09-27 20:00:00,299.17030389274873
2011-09-27 21:00:00,280.31940428287123
2011-09-27 22:00:00,279.83147370574864
2011-09-27 23:00:00,281.1364389558502
2011-09-28 00:00:00,63.73535714810595
2011-09-28 01:00:00,80.93327625236792
2011-09-28 02:00:00,95.35543103834829
2011-09-28 03:00:00,109.13337161130943
2011-09-28 04:00:00,128.0973316840739
2011-09-28 05:00:00,140.3297534607892
2011-09-28 06:00:00,105.36153272744343
2011-09-28 07:00:00,117.81078239565667
2011-09-28 08:00:00,132.75701195162912
2011-09-28 09:00:00,144.43770689851337
2011-09-28 10:00:00,207.72017151053086
2011-09-28 11:00:00,257.5889426485463
2011-09-28 12:00:00,281.4812575828163
2011-09-28 13:00:00,316.20102042634994
2011-09-28 14:00:00,359.00460485700444
2011-09-28 15:00:00,335.2338193953474
2011-09-28 16:00:00,347.694875966686
2011-09-28 17:00:00,357.57134027282393
2011-09-28 18:00:00,259.6719668040685
2011-09-28 19:00:00,264.8621562529257
2011-09-28 20:00:00,242.70873005225786
2011-09-28 21:00:00,233.40778354689894
2011-09-28 22:00:00,282.6525958728256
2011-09-28 23:00:00,269.19875557044156
2011-09-29 00:00:00,44.17727776045669
2011-09-29 01:00:00,53.88781351701229
2011-09-29 02:00:00,71.43106890026547
2011-09-29 03:00:00,101.87520533232488
2011-09-29 04:00:00,133.16496098661312
2011-09-29 05:00:00,152.0450535655422
2011-09-29 06:00:00,166.72587191818505
2011-09-29 07:00:00,173.07508788722464
2011-09-29 08:00:00,193.85468896677523
2011-09-29 09:00:00,232.84641533481192
2011-09-29 10:00:00,278.5572812935282
2011-09-29 11:00:00,294.1570581306247
2011-09-29 12:00:00,315.6727262936357
2011-09-29 13:00:00,322.79193631386676
2011-09-29 14:00:00,369.11827070672126
2011-09-29 15:00:00,392.5040577152411
2011-09-29 16:00:00,409.1292498263976
2011-09-29 17:00:00,395.3274083933544
2011-09-29 18:00:00,404.27744326102015
2011-09-29 19:00:00,376.6437167582295
2011-09-29 20:00:00,369.78900596588346
2011-09-29 21:00:00,331.8537194636128
2011-09-29 22:00:00,300.6883430157578
2011-09-29 23:00:00,277.06278059176634
2011-09-30 00:00:00,57.648030825996585
2011-09-30 01:00:00,88.17976561537688
2011-09-30 02:00:00,91.27270119268306
2011-09-30 03:00:00,106.97761090575632
2011-09-30 04:00:00,121.35811014327392
2011-09-30 05:00:00,136.0924568750295
2011-09-30 06:00:00,149.81930752272928
2011-09-30 07:00:00,163.24613197688132
2011-09-30 08:00:00,194.34858093302756
2011-09-30 09:00:00,222.35672760156984
2011-09-30 10:00:00,266.37753964220656
2011-09-30 11:00:00,309.0222497822516
2011-09-30 12:00:00,320.5663473155149
2011-09-30 13:00:00,352.5102231175206
2011-09-30 14:00:00,358.84945231419874
2011-09-30 15:00:00,372.39217037181953
2011-09-30 16:00:00,367.10763369600255
2011-09-30 17:00:00,372.9380421721286
2011-09-30 18:00:00,365.6008560828509
2011-09-30 19:00:00,343.4484345206762
2011-09-30 20:00:00,347.8240408322728
2011-09-30 21:00:00,329.3619833223097
2011-09-30 22:00:00,340.9673362201373
2011-09-30 23:00:00,343.12884220813055
2011-10-20 00:00:00,41.10031950070433
2011-10-20 01:00:00,70.25148064720037
2011-10-20 02:00:00,82.57222113428429
2011-10-20 03:00:00,98.35643682890687
2011-10-20 04:00:00,115.19277154169419
2011-10-20 05:00:00,131.94792237155588
2011-10-20 06:00:00,132.63005432532123
2011-10-20 07:00:00,149.09997163889193
2011-10-20 08:00:00,183.5083007471692
2011-10-20 09:00:00,192.07865987147903
2011-10-20 10:00:00,233.94736844557815
2011-10-20 11:00:00,256.8263845518112
2011-10-20 12:00:00,280.66643850122813
2011-10-20 13:00:00,301.82161446289047
2011-10-20 14:00:00,282.27225949081605
2011-10-20 15:00:00,292.8576587880318
2011-10-20 16:00:00,300.59782774441055
2011-10-20 17:00:00,314.0510417157301
2011-10-20 18:00:00,307.00872804057445
2011-10-20 19:00:00,319.28997279516875
2011-10-20 20:00:00,315.43357285133163
2011-10-20 21:00:00,313.41851598550113
2011-10-20 22:00:00,317.0172008847865
2011-10-20 23:00:00,290.2063202986598
2011-10-21 00:00:00,76.96501065874327
2011-10-21 01:00:00,94.99766585448529
2011-10-21 02:00:00,99.8131577906725
2011-10-21 03:00:00,96.37506719120559
2011-10-21 04:00:00,109.18624559269195
2011-10-21 05:00:00,106.02730551730406
2011-10-21 06:00:00,133.49963935093817
2011-10-21 07:00:00,144.54891075979128
2011-10-21 08:00:00,190.0660478914321
2011-10-21 09:00:00,214.58371487958584
2011-10-21 10:00:00,251.93304666849417
2011-10-21 11:00:00,289.54590750380464
2011-10-21 12:00:00,300.58824443635075
2011-10-21 13:00:00,296.42589688792236
2011-10-21 14:00:00,332.75130479000757
2011-10-21 15:00:00,326.04042177018096
2011-10-21 16:00:00,331.9334605998978
2011-10-21 17:00:00,303.6850803824023
2011-10-21 18:00:00,294.7121791538653
2011-10-21 19:00:00,298.9909748608925
2011-10-21 20:00:00,301.34897703777256
2011-10-21 21:00:00,283.5564085039568
2011-10-21 22:00:00,292.1244300813622
2011-10-21 23:00:00,272.16808526031866
2011-10-22 00:00:00,97.9487038639329
2011-10-22 01:00:00,112.45928525564536
2011-10-22 02:00:00,125.32018369347962
2011-10-22 03:00:00,139.0178674303993
2011-10-22 04:00:00,133.57480091619942
2011-10-22 05:00:00,140.5425834369979
2011-10-22 06:00:00,130.72845938165105
2011-10-22 07:00:00,129.04981446305766
2011-10-22 08:00:00,161.59041172994648
2011-10-22 09:00:00,192.81485028734016
2011-10-22 10:00:00,230.10263298018396
2011-10-22 11:00:00,237.39022453573713
2011-10-22 12:00:00,260.36992207463163
2011-10-22 13:00:00,300.33108884018213
2011-10-22 14:00:00,307.68129349004823
2011-10-22 15:00:00,305.47775149044753
2011-10-22 16:00:00,332.4814955527379
2011-10-22 17:00:00,286.4931633054989
2011-10-22 18:00:00,276.28114075706117
2011-10-22 19:00:00,234.2800250524799
2011-10-22 20:00:00,223.6286287263116
2011-10-22 21:00:00,189.0774047302188
2011-10-22 22:00:00,187.00901053188485
2011-10-22 23:00:00,157.6653008257261
2011-10-23 00:00:00,16.25105650339529
2011-10-23 01:00:00,29.347367828124817
2011-10-23 02:00:00,35.713299505651804
2011-10-23 03:00:00,47.31226956149993
2011-10-23 04:00:00,57.936525405928535
2011-10-23 05:00:00,61.342749345224064
2011-10-23 06:00:00,71.9385694960059
2011-10-23 07:00:00,87.10959205332054
2011-10-23 08:00:00,101.48831294549622
2011-10-23 09:00:00,152.84433777148905
2011-10-23 10:00:00,187.6663512444037
2011-10-23 11:00:00,213.54290161240107
2011-10-23 12:00:00,277.84068977032996
2011-10-23 13:00:00,302.1905505417117
2011-10-23 14:00:00,310.6336785755376
2011-10-23 15:00:00,320.19386028291
2011-10-23 16:00:00,319.77646897195757
2011-10-23 17:00:00,287.4007119718252
2011-10-23 18:00:00,287.37789960799176
2011-10-23 19:00:00,217.65285497691335
2011-10-23 20:00:00,232.30595071528802
2011-10-23 21:00:00,232.1471249178037
2011-10-23 22:00:00,208.393344426387
2011-10-23 23:00:00,213.99392360808952
2011-10-24 00:00:00,65.41964413657075
2011-10-24 01:00:00,68.44476261196749
2011-10-24 02:00:00,74.655548529681
2011-10-24 03:00:00,97.2079831513353
2011-10-24 04:00:00,108.48677538181472
2011-10-24 05:00:00,107.7161973595309
2011-10-24 06:00:00,125.43237579942402
2011-10-24 07:00:00,133.57252306470258
2011-10-24 08:00:00,160.69855071325767
2011-10-24 09:00:00,184.88621170002736
2011-10-24 10:00:00,197.80651688047834
2011-10-24 11:00:00,235.05948675145981
2011-10-24 12:00:00,255.20564902957491
2011-10-24 13:00:00,276.628467221188
2011-10-24 14:00:00,284.7228201246205
2011-10-24 15:00:00,301.07798327671276
2011-10-24 16:00:00,295.45525322799017
2011-10-24 17:00:00,282.58747416196746
2011-10-24 18:00:00,304.07946256160784
2011-10-24 19:00:00,193.9606370849692
2011-10-24 20:00:00,250.27993965600936
2011-10-24 21:00:00,234.7288774358159
2011-10-24 22:00:00,271.00157263778704
2011-10-24 23:00:00,250.85025093205576
2011-10-25 00:00:00,66.01663929817167
2011-10-25 01:00:00,82.11869296832143
2011-10-25 02:00:00,84.65564386316294
2011-10-25 03:00:00,84.95588827854309
2011-10-25 04:00:00,95.39226482460947
2011-10-25 05:00:00,107.78588823086022
2011-10-25 06:00:00,128.28882251606768
2011-10-25 07:00:00,155.63446954749082
2011-10-25 08:00:00,178.01887514293563
2011-10-25 09:00:00,235.73352622747188
2011-10-25 10:00:00,259.4580825604228
2011-10-25 11:00:00,281.56750668296576
2011-10-25 12:00:00,313.43560513623913
2011-10-25 13:00:00,333.9379179074547
2011-10-25 14:00:00,335.86572456305794
2011-10-25 15:00:00,339.66809035300275
2011-10-25 16:00:00,352.4174358615044
2011-10-25 17:00:00,351.6058567217026
2011-10-25 18:00:00,331.61161558808453
2011-10-25 19:00:00,284.5369095626186
2011-10-25 20:00:00,270.9655058044112
2011-10-25 21:00:00,257.99752524380824
2011-10-25 22:00:00,281.95221194152526
2011-10-25 23:00:00,258.4398680479135
2011-10-26 00:00:00,72.0313380160707
2011-10-26 01:00:00,95.6958601135938
2011-10-26 02:00:00,114.45959469684283
2011-10-26 03:00:00,128.21532817287743
2011-10-26 04:00:00,129.8802168941877
2011-10-26 05:00:00,144.18845536156576
2011-10-26 06:00:00,156.99639860882723
2011-10-26 07:00:00,168.96420527110936
2011-10-26 08:00:00,195.31163709833217
2011-10-26 09:00:00,223.47950067554382
2011-10-26 10:00:00,247.6454340587031
2011-10-26 11:00:00,266.2978103005552
2011-10-26 12:00:00,249.02486687898
2011-10-26 13:00:00,241.84973103220526
2011-10-26 14:00:00,255.28463848308812
2011-10-26 15:00:00,261.6282250519264
2011-10-26 16:00:00,271.9320248152747
2011-10-26 17:00:00,277.99172061958984
2011-10-26 18:00:00,278.8996705608998
2011-10-26 19:00:00,248.42486255543164
2011-10-26 20:00:00,238.52336850282063
2011-10-26 21:00:00,284.185787881176
2011-10-26 22:00:00,255.99584891933515
2011-10-26 23:00:00,256.44320162915
2011-10-27 00:00:00,30.487372629532473
2011-10-27 01:00:00,46.427623200675725
2011-10-27 02:00:00,39.321352374155026
2011-10-27 03:00:00,52.75571025266072
2011-10-27 04:00:00,81.78129360008191
2011-10-27 05:00:00,89.54702710244209
2011-10-27 06:00:00,122.17919188839114
2011-10-27 07:00:00,141.33570433937336
2011-10-27 08:00:00,117.51697019405651
2011-10-27 09:00:00,197.3029517800888
2011-10-27 10:00:00,143.6021067581743
2011-10-27 11:00:00,155.2480301370561
2011-10-27 12:00:00,163.30144257194533
2011-10-27 13:00:00,224.9434841754219
2011-10-27 14:00:00,244.40249253849305
2011-10-27 15:00:00,255.54062617070525
2011-10-27 16:00:00,298.1551291423937
2011-10-27 17:00:00,280.27772762529145
2011-10-27 18:00:00,286.9669705542775
2011-10-27 19:00:00,274.62244330645706
2011-10-27 20:00:00,277.524949229717
2011-10-27 21:00:00,280.89198344128636
2011-10-27 22:00:00,240.32532842197585
2011-10-27 23:00:00,237.85676582368288
2011-10-28 00:00:00,51.896908613632405
2011-10-28 01:00:00,63.08538601767694
2011-10-28 02:00:00,76.19080903394274
2011-10-28 03:00:00,77.64631957986904
2011-10-28 04:00:00,100.25277916729623
2011-10-28 05:00:00,118.54718309099049
2011-10-28 06:00:00,119.32777807844195
2011-10-28 07:00:00,129.73236186016607
2011-10-28 08:00:00,152.50588461419508
2011-10-28 09:00:00,176.18916828800005
2011-10-28 10:00:00,191.5723952360075
2011-10-28 11:00:00,222.33004370060542
2011-10-28 12:00:00,255.61077617174288
2011-10-28 13:00:00,259.4748906815758
2011-10-28 14:00:00,246.0952768914268
2011-10-28 15:00:00,252.58071850810083
2011-10-28 16:00:00,255.8162826340993
2011-10-28 17:00:00,252.7372428349457
2011-10-28 18:00:00,251.8831313699427
2011-10-28 19:00:00,257.75617148377734
2011-10-28 20:00:00,168.69488077889784
2011-10-28 21:00:00,147.40620008939106
2011-10-28 22:00:00,123.29722288615065
2011-10-28 23:00:00,105.86135595428789
2011-10-29 00:00:00,0.0
2011-10-29 01:00:00,0.0
2011-10-29 02:00:00,0.0
2011-10-29 03:00:00,3.041873614004487
2011-10-29 04:00:00,13.864559998201571
2011-10-29 05:00:00,0.0
2011-10-29 06:00:00,10.324145383525064
2011-10-29 07:00:00,17.97685456911225
2011-10-29 08:00:00,34.61050779204862
2011-10-29 09:00:00,41.15713759207409
2011-10-29 10:00:00,24.734024203043248
2011-10-29 11:00:00,24.454049015915615
2011-10-29 12:00:00,21.733853923410464
2011-10-29 13:00:00,22.21096880077647
2011-10-29 14:00:00,32.26842940931087
2011-10-29 15:00:00,29.487577054126234
2011-10-29 16:00:00,23.11996156722563
2011-10-29 17:00:00,22.717036410736682
2011-10-29 18:00:00,21.57582760740098
2011-10-29 19:00:00,93.65286115347192
2011-10-29 20:00:00,92.48000378923578
2011-10-29 21:00:00,90.568862778153
2011-10-29 22:00:00,71.90787134313372
2011-10-29 23:00:00,69.12845988431032
2011-10-30 00:00:00,0.0
2011-10-30 01:00:00,0.0
2011-10-30 02:00:00,0.0
2011-10-30 03:00:00,34.16603256138748
2011-10-30 04:00:00,27.043951368737254
2011-10-30 05:00:00,56.926332260407264
2011-10-30 06:00:00,69.23617882537096
2011-10-30 07:00:00,81.85632680094784
2011-10-30 08:00:00,107.52792093470612
2011-10-30 09:00:00,143.12383627632005
2011-10-30 10:00:00,168.64468573144677
2011-10-30 11:00:00,214.12353499779707
2011-10-30 12:00:00,242.57992174680285
2011-10-30 13:00:00,276.04346326811174
2011-10-30 14:00:00,301.346625895444
2011-10-30 15:00:00,310.84051768290703
2011-10-30 16:00:00,318.9478754553447
2011-10-30 17:00:00,301.22475859075394
2011-10-30 18:00:00,263.56896738675283
2011-10-30 19:00:00,377.3605481451194
2011-10-30 20:00:00,204.9756613453348
2011-10-30 21:00:00,169.69302204164674
2011-10-30 22:00:00,132.76244212900082
2011-10-30 23:00:00,75.2660920062333
2011-10-31 00:00:00,28.753375257931225
2011-10-31 01:00:00,51.40090468193418
2011-10-31 02:00:00,51.025696429130306
2011-10-31 03:00:00,60.435053758782004
2011-10-31 04:00:00,72.59978748059261
2011-10-31 05:00:00,68.92462289072245
2011-10-31 06:00:00,91.22074394466824
2011-10-31 07:00:00,89.4974023441033
2011-10-31 08:00:00,133.13866668297584
2011-10-31 09:00:00,160.51131425127474
2011-10-31 10:00:00,202.98249672379131
2011-10-31 11:00:00,232.57997327384734
2011-10-31 12:00:00,257.8837855785381
2011-10-31 13:00:00,269.63588721574223
2011-10-31 14:00:00,273.0653842683029
2011-10-31 15:00:00,277.6534079758465
2011-10-31 16:00:00,265.0316345086646
2011-10-31 17:00:00,266.93750626026144
2011-10-31 18:00:00,240.40188302348557
2011-10-31 19:00:00,242.2740449218187
2011-10-31 20:00:00,243.4079231733051
2011-10-31 21:00:00,223.15298061182997
2011-10-31 22:00:00,222.82731969773857
2011-10-31 23:00:00,221.76337513680056
2011-11-20 00:00:00,84.27149147775961
2011-11-20 01:00:00,114.40955573031266
2011-11-20 02:00:00,128.30473977123134
2011-11-20 03:00:00,132.861234472754
2011-11-20 04:00:00,134.0583444551218
2011-11-20 05:00:00,163.663397318604
2011-11-20 06:00:00,176.9302084292797
2011-11-20 07:00:00,184.7261231160952
2011-11-20 08:00:00,188.12052992658275
2011-11-20 09:00:00,196.97294387348114
2011-11-20 10:00:00,212.61553740655714
2011-11-20 11:00:00,268.5336195076867
2011-11-20 12:00:00,277.32774731971085
2011-11-20 13:00:00,312.61951324620645
2011-11-20 14:00:00,301.966138094965
2011-11-20 15:00:00,296.59158581364096
2011-11-20 16:00:00,311.6989408561275
2011-11-20 17:00:00,319.41696058328284
2011-11-20 18:00:00,331.730863108412
2011-11-20 19:00:00,287.4124088264954
2011-11-20 20:00:00,310.31858474340163
2011-11-20 21:00:00,265.2249290008341
2011-11-20 22:00:00,172.08174434222326
2011-11-20 23:00:00,169.95899380270086
2011-11-21 00:00:00,60.7831838649455
2011-11-21 01:00:00,20.196498587284395
2011-11-21 02:00:00,21.489169575040847
2011-11-21 03:00:00,40.58238019213155
2011-11-21 04:00:00,53.579385256013495
2011-11-21 05:00:00,118.94619110825401
2011-11-21 06:00:00,127.0659472542273
2011-11-21 07:00:00,155.70905027602026
2011-11-21 08:00:00,167.16082593466774
2011-11-21 09:00:00,183.43123880458904
2011-11-21 10:00:00,219.97710023409314
2011-11-21 11:00:00,232.19319856089405
2011-11-21 12:00:00,245.44392516990507
2011-11-21 13:00:00,253.71220231446057
2011-11-21 14:00:00,247.99789008752876
2011-11-21 15:00:00,156.55093384396827
2011-11-21 16:00:00,161.18576419294004
2011-11-21 17:00:00,155.96880573162
2011-11-21 18:00:00,171.30373374210265
2011-11-21 19:00:00,155.8169608850976
2011-11-21 20:00:00,168.3453742481283
2011-11-21 21:00:00,168.21051142112546
2011-11-21 22:00:00,166.79840083937665
2011-11-21 23:00:00,166.15832285401518
2011-11-22 00:00:00,0.0
2011-11-22 01:00:00,14.260536156956675
2011-11-22 02:00:00,16.6170918549646
2011-11-22 03:00:00,29.570320823106243
2011-11-22 04:00:00,48.20402136844365
2011-11-22 05:00:00,60.00886707405192
2011-11-22 06:00:00,124.85213921986221
2011-11-22 07:00:00,77.12421813297682
2011-11-22 08:00:00,87.05173756227785
2011-11-22 09:00:00,110.49834003714756
2011-11-22 10:00:00,117.94063787965686
2011-11-22 11:00:00,122.11633374705183
2011-11-22 12:00:00,118.97575859755977
2011-11-22 13:00:00,130.724207202299
2011-11-22 14:00:00,135.98573508959524
2011-11-22 15:00:00,157.19390295725012
2011-11-22 16:00:00,160.7201577772188
2011-11-22 17:00:00,154.42096352971828
2011-11-22 18:00:00,154.50812728561533
2011-11-22 19:00:00,177.91885821855587
2011-11-22 20:00:00,240.80384323784665
2011-11-22 21:00:00,244.47678522861935
2011-11-22 22:00:00,271.6456533681119
2011-11-22 23:00:00,267.39722488815187
2011-11-23 00:00:00,42.55814950660417
2011-11-23 01:00:00,56.71457174055175
2011-11-23 02:00:00,19.465861619460725
2011-11-23 03:00:00,35.54234831500628
2011-11-23 04:00:00,67.39065212494876
2011-11-23 05:00:00,122.99048684307826
2011-11-23 06:00:00,123.47971240887303
2011-11-23 07:00:00,139.94492898816117
2011-11-23 08:00:00,168.16892725835183
2011-11-23 09:00:00,189.70329846996847
2011-11-23 10:00:00,201.12218749380963
2011-11-23 11:00:00,238.73766230553153
2011-11-23 12:00:00,279.4894527580249
2011-11-23 13:00:00,262.7850161001899
2011-11-23 14:00:00,275.8978144503109
2011-11-23 15:00:00,274.3983005368931
2011-11-23 16:00:00,260.5486253782088
2011-11-23 17:00:00,175.73958171201338
2011-11-23 18:00:00,275.91309050374764
2011-11-23 19:00:00,280.6179729393881
2011-11-23 20:00:00,256.73042951687546
2011-11-23 21:00:00,265.45340787194027
2011-11-23 22:00:00,249.9825769977606
2011-11-23 23:00:00,246.28536909084963
2011-11-24 00:00:00,39.178633473472274
2011-11-24 01:00:00,43.81823792524969
2011-11-24 02:00:00,49.304944808874865
2011-11-24 03:00:00,48.088983226890264
2011-11-24 04:00:00,79.07739443416519
2011-11-24 05:00:00,90.49811406820304
2011-11-24 06:00:00,100.11257993273664
2011-11-24 07:00:00,54.024755944254
2011-11-24 08:00:00,107.67691842507341
2011-11-24 09:00:00,136.85158207116896
2011-11-24 10:00:00,167.0829603505575
2011-11-24 11:00:00,262.5754580399552
2011-11-24 12:00:00,300.66352582630765
2011-11-24 13:00:00,326.59279183812384
2011-11-24 14:00:00,354.28449424140683
2011-11-24 15:00:00,358.8127732258854
2011-11-24 16:00:00,359.6384949276974
2011-11-24 17:00:00,339.95165771703967
2011-11-24 18:00:00,264.0158044115483
2011-11-24 19:00:00,246.06143393609915
2011-11-24 20:00:00,162.3355712063541
2011-11-24 21:00:00,176.2684231498457
2011-11-24 22:00:00,175.69849774520065
2011-11-24 23:00:00,145.79160277405663
2011-11-25 00:00:00,42.061380907631815
2011-11-25 01:00:00,61.652530021533295
2011-11-25 02:00:00,49.47856232196253
2011-11-25 03:00:00,74.61057998623765
2011-11-25 04:00:00,93.55975732501557
2011-11-25 05:00:00,99.95098701845058
2011-11-25 06:00:00,91.34403675123635
2011-11-25 07:00:00,102.06253996895401
2011-11-25 08:00:00,110.59951092559766
2011-11-25 09:00:00,147.16840557585752
2011-11-25 10:00:00,180.6810576371526
2011-11-25 11:00:00,216.41547063499553
2011-11-25 12:00:00,276.9907097726592
2011-11-25 13:00:00,318.9256352581557
2011-11-25 14:00:00,347.4824766015688
2011-11-25 15:00:00,359.4904499750726
2011-11-25 16:00:00,349.8318922483911
2011-11-25 17:00:00,360.12325773415733
2011-11-25 18:00:00,326.02766132231704
2011-11-25 19:00:00,255.89129450784745
2011-11-25 20:00:00,276.34774938100986
2011-11-25 21:00:00,222.00114776511364
2011-11-25 22:00:00,218.75892557561605
2011-11-25 23:00:00,209.26717626944566
2011-11-26 00:00:00,50.005480734106044
2011-11-26 01:00:00,57.6847146727973
2011-11-26 02:00:00,51.57306609391705
2011-11-26 03:00:00,62.18836911873794
2011-11-26 04:00:00,72.39294744465872
2011-11-26 05:00:00,98.97243070053054
2011-11-26 06:00:00,120.91002839893022
2011-11-26 07:00:00,69.26766028118038
2011-11-26 08:00:00,128.44247481516967
2011-11-26 09:00:00,143.2357768619297
2011-11-26 10:00:00,141.29382941346603
2011-11-26 11:00:00,220.6562942798613
2011-11-26 12:00:00,262.5104417944565
2011-11-26 13:00:00,303.2661972916901
2011-11-26 14:00:00,316.30695699475706
2011-11-26 15:00:00,342.8226775751159
2011-11-26 16:00:00,318.22242545300446
2011-11-26 17:00:00,321.7425027886777
2011-11-26 18:00:00,272.39508701332795
2011-11-26 19:00:00,237.97291631843547
2011-11-26 20:00:00,269.9423071544934
2011-11-26 21:00:00,192.51770252479963
2011-11-26 22:00:00,204.84176748325459
2011-11-26 23:00:00,159.20463551125457
2011-11-27 00:00:00,36.63922340803643
2011-11-27 01:00:00,49.98679937665375
2011-11-27 02:00:00,56.590445498032324
2011-11-27 03:00:00,51.63497019204925
2011-11-27 04:00:00,63.84242501539494
2011-11-27 05:00:00,80.42587714502307
2011-11-27 06:00:00,116.9482000507551
2011-11-27 07:00:00,114.38691131946321
2011-11-27 08:00:00,146.9462171855764
2011-11-27 09:00:00,208.97430397884452
2011-11-27 10:00:00,218.55047170918195
2011-11-27 11:00:00,271.70507193384077
2011-11-27 12:00:00,316.4531379345188
2011-11-27 13:00:00,309.12410972106153
2011-11-27 14:00:00,426.86439948461805
2011-11-27 15:00:00,428.8534262460669
2011-11-27 16:00:00,364.78458934546984
2011-11-27 17:00:00,343.9334848561409
2011-11-27 18:00:00,304.61840107361115
2011-11-27 19:00:00,291.29364135594466
2011-11-27 20:00:00,318.2780153553333
2011-11-27 21:00:00,300.3461078548489
2011-11-27 22:00:00,284.7965052130112
2011-11-27 23:00:00,284.8631450580133
2011-11-28 00:00:00,70.21812439692103
2011-11-28 01:00:00,86.82838371857154
2011-11-28 03:00:00,97.64451002441996
2011-11-28 04:00:00,123.18779266546136
2011-11-28 05:00:00,116.34387086317099
2011-11-28 06:00:00,144.06058439714462
2011-11-28 07:00:00,140.72938000428488
2011-11-28 08:00:00,158.2564193529716
2011-11-28 09:00:00,182.02987780238809
2011-11-28 10:00:00,221.22677929822103
2011-11-28 11:00:00,255.6308346237423
2011-11-28 12:00:00,283.4206944580404
2011-11-28 13:00:00,305.7586864721926
2011-11-28 14:00:00,323.1982335726865
2011-11-28 15:00:00,319.1022921419825
2011-11-28 16:00:00,320.5936772525822
2011-11-28 17:00:00,341.55195722891995
2011-11-28 18:00:00,327.7051647498905
2011-11-28 19:00:00,308.5146256762026
2011-11-28 20:00:00,319.0863653697218
2011-11-28 21:00:00,315.0860740935011
2011-11-28 22:00:00,291.7384874613492
2011-11-28 23:00:00,295.1276927651182
2011-11-29 00:00:00,72.44517780062255
2011-11-29 01:00:00,90.183917650913
2011-11-29 02:00:00,106.0314470022672
2011-11-29 03:00:00,121.09767926057535
2011-11-29 04:00:00,135.85543075644318
2011-11-29 05:00:00,137.05684501573614
2011-11-29 06:00:00,166.36412803697002
2011-11-29 07:00:00,192.08080556110943
2011-11-29 08:00:00,210.69375821145528
2011-11-29 09:00:00,167.32724290771233
2011-11-29 10:00:00,179.15415661825335
2011-11-29 11:00:00,153.89498276293264
2011-11-29 12:00:00,138.82101997349403
2011-11-29 13:00:00,164.660097565532
2011-11-29 14:00:00,138.63027471426216
2011-11-29 15:00:00,150.32319674714125
2011-11-29 16:00:00,159.2029905412037
2011-11-29 17:00:00,230.1939054109393
2011-11-29 18:00:00,242.7945374106539
2011-11-29 19:00:00,246.64972928589037
2011-11-29 20:00:00,232.08151375906368
2011-11-29 21:00:00,233.7504455073375
2011-11-29 22:00:00,238.53968763969692
2011-11-29 23:00:00,234.6057214445928
2011-11-30 00:00:00,63.23303039005194
2011-11-30 01:00:00,73.86457138486708
2011-11-30 02:00:00,86.97607985101578
2011-11-30 03:00:00,100.40930888578539
2011-11-30 04:00:00,96.97248732570566
2011-11-30 05:00:00,93.72701657691732
2011-11-30 06:00:00,90.03076364734291
2011-11-30 07:00:00,110.57255955664067
2011-11-30 08:00:00,123.84103500171732
2011-11-30 09:00:00,149.0956454386622
2011-11-30 10:00:00,185.77863206328493
2011-11-30 11:00:00,236.51205435028996
2011-11-30 12:00:00,228.31392848271352
2011-11-30 13:00:00,263.0327679864698
2011-11-30 14:00:00,270.5492800950537
2011-11-30 15:00:00,262.55176925414145
2011-11-30 16:00:00,266.378146066646
2011-11-30 17:00:00,250.94505928338447
2011-11-30 18:00:00,258.7440396729551
2011-11-30 19:00:00,240.69513666909194
2011-11-30 20:00:00,242.27051349439984
2011-11-30 21:00:00,250.9685339729137
2011-11-30 22:00:00,232.37895426843738
2011-11-30 23:00:00,226.81424143311116
2011-12-20 00:00:00,96.96407239697359
2011-12-20 01:00:00,119.31425136264858
2011-12-20 02:00:00,126.26033451378431
2011-12-20 03:00:00,139.49050376606834
2011-12-20 04:00:00,164.4676111233003
2011-12-20 05:00:00,174.01025558115438
2011-12-20 06:00:00,185.27655134394422
2011-12-20 07:00:00,188.6637734510596
2011-12-20 08:00:00,227.5315702422978
2011-12-20 09:00:00,201.65605663359412
2011-12-20 10:00:00,241.9098010508309
2011-12-20 11:00:00,239.09567812737737
2011-12-20 12:00:00,272.072887381365
2011-12-20 13:00:00,279.9531341693074
2011-12-20 14:00:00,280.3244510633208
2011-12-20 15:00:00,286.9070834815318
2011-12-20 16:00:00,282.16104623746827
2011-12-20 17:00:00,272.07177189889694
2011-12-20 18:00:00,262.8673080429342
2011-12-20 19:00:00,246.21620306433545
2011-12-20 20:00:00,238.74078388507706
2011-12-20 21:00:00,246.221415081763
2011-12-20 22:00:00,252.3231698047147
2011-12-20 23:00:00,266.01591882551156
2011-12-21 00:00:00,81.69514006287662
2011-12-21 01:00:00,108.16640146379719
2011-12-21 02:00:00,117.2029960828105
2011-12-21 03:00:00,130.16054515799757
2011-12-21 04:00:00,142.379810586338
2011-12-21 05:00:00,142.01829800160675
2011-12-21 06:00:00,140.43728152798934
2011-12-21 07:00:00,150.97827848629746
2011-12-21 08:00:00,107.51555231077104
2011-12-21 09:00:00,181.60123743961415
2011-12-21 10:00:00,216.24587248920056
2011-12-21 11:00:00,227.21792610882804
2011-12-21 12:00:00,161.25101580267935
2011-12-21 13:00:00,156.75374842297256
2011-12-21 14:00:00,246.44074271763043
2011-12-21 15:00:00,254.016940298918
2011-12-21 16:00:00,162.23609945394585
2011-12-21 17:00:00,166.60529243570863
2011-12-21 18:00:00,236.29764071408138
2011-12-21 19:00:00,273.95095979902317
2011-12-21 20:00:00,279.00383233268326
2011-12-21 21:00:00,280.1329803162314
2011-12-21 22:00:00,279.3451224404219
2011-12-21 23:00:00,273.71276924047254
2011-12-22 00:00:00,86.34633063790972
2011-12-22 01:00:00,57.60043062690701
2011-12-22 02:00:00,104.60441109080351
2011-12-22 03:00:00,141.78482097325917
2011-12-22 04:00:00,114.72255435931066
2011-12-22 05:00:00,121.31007778018373
2011-12-22 06:00:00,118.43658730606899
2011-12-22 07:00:00,112.3292439426142
2011-12-22 08:00:00,156.6421813151925
2011-12-22 09:00:00,173.10895116004863
2011-12-22 10:00:00,195.5678382326125
2011-12-22 11:00:00,219.26011349236043
2011-12-22 12:00:00,273.66911964288755
2011-12-22 13:00:00,262.24125709168266
2011-12-22 14:00:00,268.5062872138395
2011-12-22 15:00:00,287.17728559326645
2011-12-22 16:00:00,278.82149651761324
2011-12-22 17:00:00,281.22215963721663
2011-12-22 18:00:00,287.8177585217827
2011-12-22 19:00:00,282.3178540764153
2011-12-22 20:00:00,207.737348392568
2011-12-22 21:00:00,207.1516708206013
2011-12-22 22:00:00,146.86137443418434
2011-12-22 23:00:00,167.9698740827074
2011-12-23 00:00:00,17.780424379977404
2011-12-23 01:00:00,32.982970901652095
2011-12-23 02:00:00,34.71295830829544
2011-12-23 03:00:00,47.85510573753464
2011-12-23 04:00:00,49.61119488103816
2011-12-23 05:00:00,95.79036694050478
2011-12-23 06:00:00,139.03891373145635
2011-12-23 07:00:00,150.4564793845423
2011-12-23 08:00:00,179.53726426789075
2011-12-23 09:00:00,210.38052846438248
2011-12-23 10:00:00,228.79642900091542
2011-12-23 11:00:00,246.039336424429
2011-12-23 12:00:00,261.8963323627537
2011-12-23 13:00:00,278.54467498021296
2011-12-23 14:00:00,279.13833924095024
2011-12-23 15:00:00,276.7253224978433
2011-12-23 16:00:00,286.64761166701396
2011-12-23 17:00:00,266.4400862880525
2011-12-23 18:00:00,273.4716896963589
2011-12-23 19:00:00,260.4963495417332
2011-12-23 20:00:00,246.60540059835503
2011-12-23 21:00:00,238.7525055731029
2011-12-23 22:00:00,230.0634674912802
2011-12-23 23:00:00,225.33873246500525
2011-12-24 00:00:00,78.1070124823039
2011-12-24 01:00:00,103.77182155736128
2011-12-24 02:00:00,114.40106508200766
2011-12-24 03:00:00,117.34464976522659
2011-12-24 04:00:00,134.26563747969124
2011-12-24 05:00:00,144.37692394734933
2011-12-24 06:00:00,128.9167449765211
2011-12-24 07:00:00,134.44508961414476
2011-12-24 08:00:00,134.12227001755892
2011-12-24 09:00:00,205.69454608701705
2011-12-24 10:00:00,215.84835810263175
2011-12-24 11:00:00,238.63329909658583
2011-12-24 12:00:00,252.91475948028267
2011-12-24 13:00:00,255.06244535192667
2011-12-24 14:00:00,259.12338057658513
2011-12-24 15:00:00,251.48671121381156
2011-12-24 16:00:00,248.4585030639611
2011-12-24 17:00:00,218.18740763209215
2011-12-24 18:00:00,232.1457317034645
2011-12-24 19:00:00,210.21821301835865
2011-12-24 20:00:00,181.81618445427665
2011-12-24 21:00:00,178.7057066078487
2011-12-24 22:00:00,161.40313639058758
2011-12-24 23:00:00,139.1402385952955
2011-12-25 00:00:00,61.158178193427716
2011-12-25 01:00:00,48.47681557822483
2011-12-25 02:00:00,47.68663278010334
2011-12-25 03:00:00,62.56069205979722
2011-12-25 05:00:00,67.98041806316743
2011-12-25 06:00:00,75.49402181144987
2011-12-25 07:00:00,76.64567627959775
2011-12-25 08:00:00,77.01362702509688
2011-12-25 09:00:00,79.10792673187518
2011-12-25 10:00:00,108.38923244962356
2011-12-25 11:00:00,156.63093292691607
2011-12-25 12:00:00,150.93543773443855
2011-12-25 13:00:00,176.76877074359533
2011-12-25 14:00:00,210.93546729629753
2011-12-25 15:00:00,213.0705837016058
2011-12-25 16:00:00,228.5955993795764
2011-12-25 17:00:00,210.7820661475004
2011-12-25 18:00:00,186.83671630320003
2011-12-25 19:00:00,214.6057921147501
2011-12-25 20:00:00,225.70013381849742
2011-12-25 21:00:00,199.17976758799097
2011-12-25 22:00:00,173.77447471678215
2011-12-25 23:00:00,150.0977798501602
2011-12-26 00:00:00,18.23124158873773
2011-12-26 01:00:00,85.5857677536379
2011-12-26 02:00:00,135.10266571555354
2011-12-26 04:00:00,158.22897470830398
2011-12-26 05:00:00,178.00660388212876
2011-12-26 06:00:00,177.82481803554498
2011-12-26 07:00:00,186.64785735281822
2011-12-26 08:00:00,194.23797970062222
2011-12-26 09:00:00,207.36026106593738
2011-12-26 10:00:00,223.76905504036773
2011-12-26 11:00:00,223.25090926500988
2011-12-26 12:00:00,248.31340342410942
2011-12-26 13:00:00,276.66917279060135
2011-12-26 14:00:00,284.2577163834243
2011-12-26 15:00:00,283.5726396975861
2011-12-26 16:00:00,263.03168583181275
2011-12-26 17:00:00,244.65779719609003
2011-12-26 18:00:00,222.12676781863365
2011-12-26 19:00:00,178.97288754649713
2011-12-26 20:00:00,196.90294031763608
2011-12-26 21:00:00,135.26526471577412
2011-12-26 22:00:00,131.79432269409747
2011-12-26 23:00:00,136.6940976071591
2011-12-27 00:00:00,64.83452210030859
2011-12-27 01:00:00,79.1721692307805
2011-12-27 02:00:00,91.80441972860885
2011-12-27 03:00:00,127.88795115504428
2011-12-27 04:00:00,135.32025520813232
2011-12-27 05:00:00,144.23178234175083
2011-12-27 06:00:00,158.0608733852183
2011-12-27 07:00:00,165.73571747941403
2011-12-27 08:00:00,178.99840233125937
2011-12-27 09:00:00,144.63975626083615
2011-12-27 10:00:00,199.07977664223847
2011-12-27 11:00:00,156.71366452183676
2011-12-27 12:00:00,135.99484592720952
2011-12-27 13:00:00,129.1214998202579
2011-12-27 14:00:00,172.9792545889291
2011-12-27 15:00:00,178.72002978578246
2011-12-27 16:00:00,182.8149877688836
2011-12-27 17:00:00,175.12516690364305
2011-12-27 18:00:00,226.4492510983549
2011-12-27 19:00:00,198.7291564337297
2011-12-27 20:00:00,176.31593266436352
2011-12-27 21:00:00,185.70920453066702
2011-12-27 22:00:00,184.23367451305813
2011-12-27 23:00:00,166.7420402944907
2011-12-28 00:00:00,41.61918950765207
2011-12-28 01:00:00,75.24847477382207
2011-12-28 02:00:00,111.38194561081357
2011-12-28 03:00:00,124.75106395345486
2011-12-28 05:00:00,152.39869460672028
2011-12-28 06:00:00,166.5125062210846
2011-12-28 07:00:00,176.92226288762413
2011-12-28 08:00:00,185.06054301440864
2011-12-28 09:00:00,196.4948474645999
2011-12-28 10:00:00,208.44677069306886
2011-12-28 11:00:00,241.74530094081098
2011-12-28 12:00:00,236.69350353895868
2011-12-28 13:00:00,255.14316438133977
2011-12-28 14:00:00,256.3879224403632
2011-12-28 15:00:00,266.07435975110855
2011-12-28 16:00:00,262.9256989440956
2011-12-28 17:00:00,251.50593865213662
2011-12-28 18:00:00,243.51749157163263
2011-12-28 19:00:00,230.8641107495313
2011-12-28 20:00:00,228.01990960886826
2011-12-28 21:00:00,208.72770484972315
2011-12-28 22:00:00,205.9817673120686
2011-12-28 23:00:00,212.1539692466872
2011-12-29 00:00:00,88.86388128638805
2011-12-29 01:00:00,98.65909442370577
2011-12-29 02:00:00,104.82936167596854
2011-12-29 03:00:00,107.88421906325908
2011-12-29 04:00:00,120.04532457810835
2011-12-29 05:00:00,130.44950388208284
2011-12-29 06:00:00,132.1219808529949
2011-12-29 07:00:00,128.72408181938408
2011-12-29 08:00:00,154.12776040203119
2011-12-29 09:00:00,157.6180763591987
2011-12-29 10:00:00,169.4677184688315
2011-12-29 11:00:00,187.25409017464642
2011-12-29 12:00:00,204.13978302124767
2011-12-29 13:00:00,220.4511017109199
2011-12-29 14:00:00,230.83335110860162
2011-12-29 15:00:00,237.252501474065
2011-12-29 16:00:00,235.4345216891992
2011-12-29 17:00:00,223.79483441488702
2011-12-29 18:00:00,230.7037885035082
2011-12-29 19:00:00,231.64941820655545
2011-12-29 20:00:00,205.74509362146014
2011-12-29 21:00:00,224.79423914194126
2011-12-29 22:00:00,206.68584208280305
2011-12-29 23:00:00,217.04206492802658
2011-12-30 00:00:00,58.48314968095991
2011-12-30 01:00:00,78.9010548445147
2011-12-30 02:00:00,78.18711612928058
2011-12-30 03:00:00,90.12799892490979
2011-12-30 04:00:00,100.9715550233669
2011-12-30 05:00:00,99.60795009352512
2011-12-30 06:00:00,120.99342273224912
2011-12-30 07:00:00,120.9679364161473
2011-12-30 08:00:00,141.95225347831092
2011-12-30 09:00:00,140.1854317322708
2011-12-30 10:00:00,183.40843757624458
2011-12-30 11:00:00,195.61139400561325
2011-12-30 12:00:00,217.2933211429695
2011-12-30 13:00:00,246.58774874483436
2011-12-30 14:00:00,278.9656096251914
2011-12-30 15:00:00,282.0201797854053
2011-12-30 16:00:00,301.0002837418334
2011-12-30 17:00:00,274.40210782957894
2011-12-30 18:00:00,245.711112403012
2011-12-30 19:00:00,269.5053143126163
2011-12-30 20:00:00,243.73136222556366
2011-12-30 21:00:00,252.57554597749208
2011-12-30 22:00:00,236.9181318902269
2011-12-30 23:00:00,255.71308299099746
2011-12-31 00:00:00,104.92882093271484
2011-12-31 01:00:00,127.45016934297364
2011-12-31 02:00:00,141.69976366572456
2011-12-31 03:00:00,155.21107434162877
2011-12-31 04:00:00,134.36778532628887
2011-12-31 05:00:00,134.44820736619664
2011-12-31 06:00:00,171.22206637491334
2011-12-31 07:00:00,131.46203757656264
2011-12-31 08:00:00,127.28883215793034
2011-12-31 09:00:00,154.28648760332652
2011-12-31 10:00:00,182.49353314154652
2011-12-31 11:00:00,209.19465705691726
2011-12-31 12:00:00,341.75764778478674
2011-12-31 13:00:00,341.4248348487587
2011-12-31 14:00:00,303.3583932178256
2011-12-31 15:00:00,325.5468258287267
2011-12-31 16:00:00,307.8597697080405
2011-12-31 17:00:00,279.25797789216
2011-12-31 18:00:00,274.25441268265337
2011-12-31 19:00:00,285.9433520252936
2011-12-31 20:00:00,286.65812409577643
2011-12-31 21:00:00,263.27056442786534
2011-12-31 22:00:00,233.94717537712154
2011-12-31 23:00:00,189.26022269173876
2012-01-20 00:00:00,25.69874816059965
2012-01-20 01:00:00,61.2854518373025
2012-01-20 02:00:00,71.48864521220031
2012-01-20 03:00:00,74.95340947816965
2012-01-20 04:00:00,71.19360991598757
2012-01-20 05:00:00,78.5184951098086
2012-01-20 06:00:00,77.31008648399944
2012-01-20 07:00:00,73.93175440666485
2012-01-20 08:00:00,84.34214221188188
2012-01-20 09:00:00,99.31156941320636
2012-01-20 10:00:00,106.26328242294565
2012-01-20 11:00:00,105.4750050246803
2012-01-20 12:00:00,109.7715965935354
2012-01-20 13:00:00,134.37647731840116
2012-01-20 14:00:00,122.68052481078921
2012-01-20 15:00:00,130.3918839591591
2012-01-20 16:00:00,123.24362737061101
2012-01-20 17:00:00,136.9293501844698
2012-01-20 18:00:00,124.16880701885626
2012-01-20 19:00:00,119.12568054569074
2012-01-20 20:00:00,116.95039538123565
2012-01-20 21:00:00,110.23416212168723
2012-01-20 22:00:00,100.862618086077
2012-01-20 23:00:00,17.63089278665592
2012-01-21 00:00:00,6.839116998997298
2012-01-21 01:00:00,42.643741146437264
2012-01-21 02:00:00,11.834245606551235
2012-01-21 03:00:00,0.0
2012-01-21 04:00:00,13.91143352050375
2012-01-21 05:00:00,14.87515015625712
2012-01-21 06:00:00,0.0
2012-01-21 07:00:00,1.4013922551080213
2012-01-21 08:00:00,6.661708559979701
2012-01-21 09:00:00,9.105253573653584
2012-01-21 10:00:00,0.0
2012-01-21 11:00:00,39.44082436749605
2012-01-21 12:00:00,51.41543783321421
2012-01-21 13:00:00,46.32121852868548
2012-01-21 14:00:00,29.40165585587576
2012-01-21 15:00:00,26.503911248717344
2012-01-21 16:00:00,38.322883374986816
2012-01-21 17:00:00,32.32928440580275
2012-01-21 18:00:00,37.07503889335973
2012-01-21 19:00:00,15.07644701797605
2012-01-21 20:00:00,15.25810821298802
2012-01-21 21:00:00,10.011604900868662
2012-01-21 22:00:00,11.712084294971788
2012-01-21 23:00:00,0.0
2012-01-22 00:00:00,0.0
2012-01-22 01:00:00,0.0
2012-01-22 02:00:00,0.0
2012-01-22 03:00:00,13.300175892409214
2012-01-22 04:00:00,0.0
2012-01-22 05:00:00,11.915444458718355
2012-01-22 06:00:00,23.4497095116821
2012-01-22 07:00:00,27.3290468033656
2012-01-22 08:00:00,30.470100448202487
2012-01-22 09:00:00,32.87287044619265
2012-01-22 10:00:00,28.982855743291424
2012-01-22 11:00:00,8.87146978118733
2012-01-22 12:00:00,26.005106875933876
2012-01-22 13:00:00,32.35548308169098
2012-01-22 14:00:00,27.978982224507234
2012-01-22 15:00:00,22.74894717588046
2012-01-22 16:00:00,19.824027262927018
2012-01-22 17:00:00,21.305034451159543
2012-01-22 18:00:00,0.0
2012-01-22 19:00:00,0.0
2012-01-22 20:00:00,0.0
2012-01-22 21:00:00,0.0
2012-01-22 22:00:00,0.0
2012-01-22 23:00:00,0.0
2012-01-23 00:00:00,43.230900481850966
2012-01-23 01:00:00,44.43560945302053
2012-01-23 02:00:00,53.02522167620921
2012-01-23 03:00:00,67.90925951140696
2012-01-23 04:00:00,79.79554023500086
2012-01-23 05:00:00,81.7422421072468
2012-01-23 06:00:00,87.27243173613977
2012-01-23 07:00:00,75.19427659302639
2012-01-23 08:00:00,65.59498349068139
2012-01-23 09:00:00,95.28819920069091
2012-01-23 10:00:00,96.61840824156516
2012-01-23 11:00:00,94.98042985096508
2012-01-23 12:00:00,102.35417043245963
2012-01-23 13:00:00,73.54748845317134
2012-01-23 14:00:00,63.69633252788461
2012-01-23 15:00:00,88.35491250275471
2012-01-23 16:00:00,100.22277755198195
2012-01-23 17:00:00,98.12161123938382
2012-01-23 18:00:00,96.58289128981308
2012-01-23 19:00:00,98.33688729210218
2012-01-23 20:00:00,88.94436572922851
2012-01-23 21:00:00,82.55760430669982
2012-01-23 22:00:00,78.21591315551125
2012-01-23 23:00:00,84.59992790531028
2012-01-24 00:00:00,0.0
2012-01-24 01:00:00,19.7117915441859
2012-01-24 02:00:00,34.26405148233866
2012-01-24 03:00:00,53.10374498590599
2012-01-24 04:00:00,57.066533805389696
2012-01-24 05:00:00,65.19114354329754
2012-01-24 06:00:00,74.28657653218221
2012-01-24 07:00:00,86.11872218680921
2012-01-24 08:00:00,92.52675736991836
2012-01-24 09:00:00,105.88305322675217
2012-01-24 10:00:00,91.94873326833431
2012-01-24 11:00:00,105.68803464524393
2012-01-24 12:00:00,109.37221240950859
2012-01-24 13:00:00,112.2395126056655
2012-01-24 14:00:00,126.37639498681145
2012-01-24 15:00:00,156.36109529466916
2012-01-24 16:00:00,152.5710454256776
2012-01-24 17:00:00,160.87466371977848
2012-01-24 18:00:00,160.49807083804146
2012-01-24 19:00:00,182.68065272263524
2012-01-24 20:00:00,111.72737419408118
2012-01-24 21:00:00,125.32515948842175
2012-01-24 22:00:00,97.4331126037739
2012-01-24 23:00:00,97.47182824674866
2012-01-25 00:00:00,10.292309391176701
2012-01-25 01:00:00,39.36160856465361
2012-01-25 02:00:00,50.44535633429862
2012-01-25 03:00:00,52.65161229873149
2012-01-25 04:00:00,60.67242800393015
2012-01-25 05:00:00,68.99723020534003
2012-01-25 06:00:00,73.94512354277558
2012-01-25 07:00:00,78.01054969074437
2012-01-25 08:00:00,87.7397046547089
2012-01-25 09:00:00,92.685872933864
2012-01-25 10:00:00,93.99155160190767
2012-01-25 11:00:00,117.07877342319335
2012-01-25 12:00:00,143.52675164817805
2012-01-25 13:00:00,153.0213053069795
2012-01-25 14:00:00,155.8215116151125
2012-01-25 15:00:00,162.85228047396876
2012-01-25 16:00:00,154.0282021261971
2012-01-25 17:00:00,159.94346556150575
2012-01-25 18:00:00,134.891289506044
2012-01-25 19:00:00,153.15818807214205
2012-01-25 20:00:00,136.37394182141225
2012-01-25 21:00:00,114.25211725332726
2012-01-25 22:00:00,114.45912897979974
2012-01-25 23:00:00,107.57510854178155
2012-01-26 00:00:00,29.871728557592434
2012-01-26 01:00:00,49.30662053017295
2012-01-26 02:00:00,45.59620402792683
2012-01-26 03:00:00,62.48787086800789
2012-01-26 04:00:00,67.50280265047529
2012-01-26 05:00:00,80.99802803722434
2012-01-26 06:00:00,85.41127156505596
2012-01-26 07:00:00,87.2863204670937
2012-01-26 08:00:00,93.2238626610162
2012-01-26 09:00:00,105.28131572755015
2012-01-26 10:00:00,103.52693689041166
2012-01-26 11:00:00,103.33676438946432
2012-01-26 12:00:00,119.35081509400639
2012-01-26 13:00:00,146.67167668013454
2012-01-26 14:00:00,154.49555174934903
2012-01-26 15:00:00,162.22571815524222
2012-01-26 16:00:00,158.64621193190567
2012-01-26 17:00:00,163.0529665804878
2012-01-26 18:00:00,162.99699938758297
2012-01-26 19:00:00,154.06061016249788
2012-01-26 20:00:00,146.6599618308725
2012-01-26 21:00:00,150.94153563547388
2012-01-26 22:00:00,125.60449285562655
2012-01-26 23:00:00,132.1263678156164
2012-01-27 00:00:00,9.603473945346451
2012-01-27 01:00:00,20.077697638727642
2012-01-27 02:00:00,26.955821205551246
2012-01-27 03:00:00,31.48162094821967
2012-01-27 04:00:00,30.7444068039824
2012-01-27 05:00:00,50.22709054423402
2012-01-27 06:00:00,52.266269868387724
2012-01-27 07:00:00,65.22657034802813
2012-01-27 08:00:00,84.25216842719294
2012-01-27 09:00:00,92.4736862158866
2012-01-27 10:00:00,87.96124402114232
2012-01-27 11:00:00,127.20073391319146
2012-01-27 12:00:00,145.89500109155784
2012-01-27 13:00:00,187.063822608683
2012-01-27 14:00:00,194.3006573179885
2012-01-27 15:00:00,207.262800084675
2012-01-27 16:00:00,191.06188589510458
2012-01-27 17:00:00,187.64700166168495
2012-01-27 18:00:00,187.4910572827644
2012-01-27 19:00:00,167.4825736107566
2012-01-27 20:00:00,152.95378665299907
2012-01-27 21:00:00,146.66783598095947
2012-01-27 22:00:00,153.7484910609868
2012-01-27 23:00:00,142.73672309450075
2012-01-28 00:00:00,45.673442658896505
2012-01-28 01:00:00,63.768614991526704
2012-01-28 02:00:00,57.149304578819795
2012-01-28 03:00:00,62.514792538558
2012-01-28 04:00:00,64.84842227645669
2012-01-28 05:00:00,42.742970559122256
2012-01-28 06:00:00,58.97727638219499
2012-01-28 07:00:00,49.229261536814334
2012-01-28 08:00:00,36.527225980890336
2012-01-28 09:00:00,45.08116574742249
2012-01-28 10:00:00,75.35778041577075
2012-01-28 11:00:00,113.48906687443932
2012-01-28 12:00:00,105.56839082419788
2012-01-28 13:00:00,127.3290644861965
2012-01-28 14:00:00,163.76889651936065
2012-01-28 15:00:00,178.59970444509685
2012-01-28 16:00:00,193.15019398731303
2012-01-28 17:00:00,194.2317096747079
2012-01-28 18:00:00,194.5700981928849
2012-01-28 19:00:00,183.77728334854632
2012-01-28 20:00:00,198.52349707739899
2012-01-28 21:00:00,174.0193830432603
2012-01-28 22:00:00,147.63268560869815
2012-01-28 23:00:00,136.60652695984476
2012-01-29 00:00:00,78.1311115175658
2012-01-29 01:00:00,85.20063710620732
2012-01-29 02:00:00,95.79563984341388
2012-01-29 03:00:00,105.61651461886609
2012-01-29 04:00:00,108.6461544513416
2012-01-29 05:00:00,68.60702145362956
2012-01-29 06:00:00,93.38208210870258
2012-01-29 07:00:00,99.71162507838449
2012-01-29 08:00:00,92.4782501177483
2012-01-29 09:00:00,89.95925520324647
2012-01-29 10:00:00,122.82393233955995
2012-01-29 11:00:00,149.70545370624222
2012-01-29 12:00:00,169.01000338486733
2012-01-29 13:00:00,170.51467403662656
2012-01-29 14:00:00,171.80658459810877
2012-01-29 15:00:00,190.38428523025806
2012-01-29 16:00:00,197.42446014058874
2012-01-29 17:00:00,197.5786850193763
2012-01-29 18:00:00,180.66291778881015
2012-01-29 19:00:00,160.76301797762926
2012-01-29 20:00:00,130.59509498718805
2012-01-29 21:00:00,138.7160082457992
2012-01-29 22:00:00,154.49693260981638
2012-01-29 23:00:00,126.03329951364499
2012-01-30 00:00:00,29.81606005945605
2012-01-30 01:00:00,38.64076186721795
2012-01-30 02:00:00,56.34014599680742
2012-01-30 03:00:00,78.74574781613588
2012-01-30 04:00:00,84.41608757178295
2012-01-30 05:00:00,90.89582034058097
2012-01-30 06:00:00,97.65543812518222
2012-01-30 07:00:00,101.91732212441858
2012-01-30 08:00:00,104.9900493059865
2012-01-30 09:00:00,108.90370671063451
2012-01-30 10:00:00,117.16356715210006
2012-01-30 11:00:00,130.5364000235724
2012-01-30 12:00:00,128.6350451555844
2012-01-30 13:00:00,149.98718826163574
2012-01-30 14:00:00,162.94272498626998
2012-01-30 15:00:00,163.04823275393005
2012-01-30 16:00:00,168.3631734603103
2012-01-30 17:00:00,176.1137126594719
2012-01-30 18:00:00,167.1770261492152
2012-01-30 19:00:00,139.5784604126567
2012-01-30 20:00:00,141.06327537952058
2012-01-30 21:00:00,135.39903797040114
2012-01-30 22:00:00,120.79938292290862
2012-01-30 23:00:00,98.60857558528011
2012-01-31 00:00:00,44.06870860756669
2012-01-31 01:00:00,60.74896523694227
2012-01-31 02:00:00,77.87879676925203
2012-01-31 03:00:00,85.42788072623222
2012-01-31 04:00:00,92.88243217918479
2012-01-31 05:00:00,101.13838162855384
2012-01-31 06:00:00,104.45833611089431
2012-01-31 07:00:00,100.21150741133407
2012-01-31 08:00:00,108.4077419645339
2012-01-31 09:00:00,124.27738225180236
2012-01-31 10:00:00,129.48195497408324
2012-01-31 11:00:00,170.14064175209316
2012-01-31 12:00:00,169.95305059627626
2012-01-31 13:00:00,196.1081209023116
2012-01-31 14:00:00,217.19859955623255
2012-01-31 15:00:00,234.12489188350975
2012-01-31 16:00:00,239.0821230047157
2012-01-31 17:00:00,243.7868724838807
2012-01-31 18:00:00,248.7715011755942
2012-01-31 19:00:00,231.37420317875348
2012-01-31 20:00:00,162.80573120497493
2012-01-31 21:00:00,214.30022308168947
2012-01-31 22:00:00,203.8100479491439
2012-01-31 23:00:00,196.80598041164814
2012-02-20 00:00:00,0.0
2012-02-20 01:00:00,5.56706284024861
2012-02-20 02:00:00,14.457196602902997
2012-02-20 03:00:00,23.986885843599566
2012-02-20 05:00:00,55.79295015500401
2012-02-20 06:00:00,74.63675878840775
2012-02-20 07:00:00,73.33392706278683
2012-02-20 08:00:00,69.84549990516963
2012-02-20 09:00:00,74.03543533220488
2012-02-20 10:00:00,86.27354941945121
2012-02-20 11:00:00,115.80054086518037
2012-02-20 12:00:00,134.7139552032172
2012-02-20 13:00:00,149.00657466108402
2012-02-20 14:00:00,167.23753107403135
2012-02-20 15:00:00,176.52975184987827
2012-02-20 16:00:00,194.9154103478165
2012-02-20 17:00:00,215.06546109168144
2012-02-20 18:00:00,175.06261945495277
2012-02-20 19:00:00,173.0970080296176
2012-02-20 20:00:00,172.0308810603331
2012-02-20 21:00:00,140.55514567561735
2012-02-20 22:00:00,123.11161173451681
2012-02-20 23:00:00,119.04398768115544
2012-02-21 00:00:00,47.398996914493324
2012-02-21 01:00:00,66.31310254807232
2012-02-21 02:00:00,70.55372462240842
2012-02-21 04:00:00,81.07106037754404
2012-02-21 05:00:00,80.91360342347119
2012-02-21 06:00:00,80.62073862801918
2012-02-21 07:00:00,99.12533474077748
2012-02-21 08:00:00,94.73917289019474
2012-02-21 09:00:00,92.65146566289485
2012-02-21 10:00:00,104.7926062728132
2012-02-21 11:00:00,111.29278769898349
2012-02-21 12:00:00,125.58862865002226
2012-02-21 13:00:00,150.81253031503906
2012-02-21 14:00:00,139.2694068520144
2012-02-21 15:00:00,157.14921868170268
2012-02-21 16:00:00,169.9597688519496
2012-02-21 17:00:00,189.9376337135074
2012-02-21 18:00:00,191.64531197334372
2012-02-21 19:00:00,171.98260633913273
2012-02-21 20:00:00,156.45691073123857
2012-02-21 21:00:00,144.47031016745575
2012-02-21 22:00:00,137.97058950055197
2012-02-21 23:00:00,125.5282039273292
2012-02-22 00:00:00,35.95885227881328
2012-02-22 01:00:00,49.292062049887875
2012-02-22 02:00:00,57.32759563613493
2012-02-22 03:00:00,66.99802846672641
2012-02-22 04:00:00,79.6815697770358
2012-02-22 05:00:00,89.73204046133345
2012-02-22 06:00:00,88.30395197788997
2012-02-22 07:00:00,97.60701101526521
2012-02-22 08:00:00,102.03266186909796
2012-02-22 09:00:00,116.97225050690218
2012-02-22 10:00:00,124.52156579769292
2012-02-22 11:00:00,138.54682609343598
2012-02-22 12:00:00,160.32309457826153
2012-02-22 13:00:00,179.62456435562888
2012-02-22 14:00:00,189.45476241553357
2012-02-22 15:00:00,235.67654398277455
2012-02-22 16:00:00,248.18367157754687
2012-02-22 17:00:00,250.44897367786854
2012-02-22 18:00:00,219.8251669193949
2012-02-22 19:00:00,212.97137324806928
2012-02-22 20:00:00,203.62493667730635
2012-02-22 21:00:00,229.66074822710576
2012-02-22 22:00:00,202.35818427864447
2012-02-22 23:00:00,213.56038326835392
2012-02-23 00:00:00,59.90536438319185
2012-02-23 01:00:00,59.751589475125115
2012-02-23 02:00:00,75.29630847679569
2012-02-23 03:00:00,68.33632635939935
2012-02-23 04:00:00,78.08450830030452
2012-02-23 05:00:00,88.75183008219808
2012-02-23 06:00:00,75.21101452256056
2012-02-23 07:00:00,91.39776278241754
2012-02-23 08:00:00,87.60596908589069
2012-02-23 09:00:00,103.97407717695977
2012-02-23 10:00:00,148.2404317107308
2012-02-23 11:00:00,193.65709211431835
2012-02-23 12:00:00,213.54780866437545
2012-02-23 13:00:00,228.50708721041786
2012-02-23 14:00:00,243.49787257621503
2012-02-23 15:00:00,249.66978846069532
2012-02-23 16:00:00,252.32255911372152
2012-02-23 17:00:00,259.195812069358
2012-02-23 18:00:00,254.10553349139755
2012-02-23 19:00:00,235.41307628072224
2012-02-23 20:00:00,218.02353333232435
2012-02-23 21:00:00,206.75385972828857
2012-02-23 22:00:00,203.26912443948214
2012-02-23 23:00:00,179.4440111372862
2012-02-24 00:00:00,62.94152297550161
2012-02-24 01:00:00,66.73958683841369
2012-02-24 02:00:00,27.951664192673377
2012-02-24 03:00:00,61.35531443452399
2012-02-24 04:00:00,61.692349541725775
2012-02-24 05:00:00,73.99128132903277
2012-02-24 06:00:00,86.01628659131359
2012-02-24 07:00:00,106.27719543703876
2012-02-24 08:00:00,103.12922368005326
2012-02-24 09:00:00,76.18382247046065
2012-02-24 10:00:00,91.11580563792882
2012-02-24 11:00:00,123.76467883623535
2012-02-24 12:00:00,145.45712252659496
2012-02-24 13:00:00,161.83455867708648
2012-02-24 14:00:00,181.78128304743828
2012-02-24 15:00:00,110.60458333036586
2012-02-24 16:00:00,112.1268223797351
2012-02-24 17:00:00,111.3721950984567
2012-02-24 18:00:00,139.42601775142077
2012-02-24 19:00:00,158.1362802790539
2012-02-24 20:00:00,200.42802737318655
2012-02-24 21:00:00,213.3770218661191
2012-02-24 22:00:00,215.4977285228929
2012-02-24 23:00:00,202.50273992393653
2012-02-25 00:00:00,67.79950694442235
2012-02-25 01:00:00,78.03955339929246
2012-02-25 02:00:00,87.28639382518611
2012-02-25 03:00:00,88.03613059767952
2012-02-25 04:00:00,99.69811612929826
2012-02-25 05:00:00,103.96290006543482
2012-02-25 06:00:00,110.9672552394018
2012-02-25 07:00:00,101.71009461089074
2012-02-25 08:00:00,103.68259016687736
2012-02-25 09:00:00,33.265287618129975
2012-02-25 10:00:00,89.41602646552982
2012-02-25 11:00:00,126.72665591215971
2012-02-25 12:00:00,149.99819516466505
2012-02-25 13:00:00,163.77092197461658
2012-02-25 14:00:00,163.36950731134897
2012-02-25 15:00:00,172.22392605269567
2012-02-25 16:00:00,169.36900264144543
2012-02-25 17:00:00,157.43676548143418
2012-02-25 18:00:00,157.62907087603384
2012-02-25 19:00:00,129.21588444290506
2012-02-25 20:00:00,129.44937257461595
2012-02-25 21:00:00,110.38197030505964
2012-02-25 22:00:00,100.03564782818557
2012-02-25 23:00:00,88.75265102341046
2012-02-26 00:00:00,43.82270041889484
2012-02-26 01:00:00,51.341081329690525
2012-02-26 02:00:00,60.59167410253315
2012-02-26 03:00:00,82.58432118484296
2012-02-26 04:00:00,89.70785541632546
2012-02-26 05:00:00,85.11439431728124
2012-02-26 06:00:00,84.6916260944347
2012-02-26 07:00:00,73.7601958934389
2012-02-26 08:00:00,81.39376604236881
2012-02-26 09:00:00,97.91535974784092
2012-02-26 10:00:00,125.76335884289466
2012-02-26 11:00:00,132.74167032989635
2012-02-26 12:00:00,148.80538078662838
2012-02-26 13:00:00,157.83811404197058
2012-02-26 14:00:00,173.85446598686914
2012-02-26 15:00:00,181.3583418052614
2012-02-26 16:00:00,187.49999610325594
2012-02-26 17:00:00,189.34537514128596
2012-02-26 18:00:00,171.31139708018446
2012-02-26 19:00:00,169.77537441441248
2012-02-26 20:00:00,143.57208825723015
2012-02-26 21:00:00,122.20312036526813
2012-02-26 22:00:00,125.06635181168278
2012-02-26 23:00:00,70.40407890506549
2012-02-27 00:00:00,40.074885779840116
2012-02-27 01:00:00,49.22487619203301
2012-02-27 02:00:00,48.989373127765674
2012-02-27 03:00:00,61.49750651483433
2012-02-27 04:00:00,64.5194509658456
2012-02-27 05:00:00,71.5621399445501
2012-02-27 06:00:00,84.3370273120772
2012-02-27 07:00:00,100.3744919434837
2012-02-27 08:00:00,107.83298620064045
2012-02-27 09:00:00,115.43021219324254
2012-02-27 10:00:00,141.15607664733594
2012-02-27 11:00:00,155.38989786172448
2012-02-27 12:00:00,178.1603827971905
2012-02-27 13:00:00,178.2067752337104
2012-02-27 14:00:00,203.19154960090526
2012-02-27 15:00:00,232.0755253144619
2012-02-27 16:00:00,241.67406396133137
2012-02-27 17:00:00,247.540161607612
2012-02-27 18:00:00,242.23704742983
2012-02-27 19:00:00,236.03948942845489
2012-02-27 20:00:00,226.6474038684409
2012-02-27 21:00:00,214.6936095109234
2012-02-27 22:00:00,198.1253147693946
2012-02-27 23:00:00,177.08173264508187
2012-02-28 00:00:00,63.50155714681404
2012-02-28 01:00:00,63.37989344375586
2012-02-28 02:00:00,87.79958397026667
2012-02-28 03:00:00,106.38713674637101
2012-02-28 04:00:00,94.27601629587964
2012-02-28 05:00:00,103.8531787359921
2012-02-28 06:00:00,109.01209524841735
2012-02-28 07:00:00,114.98381987699467
2012-02-28 08:00:00,116.21244202883784
2012-02-28 09:00:00,124.47847241793855
2012-02-28 10:00:00,138.82288380236665
2012-02-28 11:00:00,159.7468002323244
2012-02-28 12:00:00,171.54224811753792
2012-02-28 13:00:00,177.38047242653278
2012-02-28 14:00:00,195.73512825130229
2012-02-28 15:00:00,204.49811416416392
2012-02-28 16:00:00,204.59081195401694
2012-02-28 17:00:00,207.06175374965653
2012-02-28 18:00:00,210.08041922212624
2012-02-28 19:00:00,199.1831335113564
2012-02-28 20:00:00,198.54620401271558
2012-02-28 21:00:00,157.08975377687142
2012-02-28 22:00:00,153.28578769415907
2012-02-28 23:00:00,137.96226070574187
2012-02-29 00:00:00,58.11505573216638
2012-02-29 01:00:00,73.8511430268156
2012-02-29 02:00:00,68.34688449646205
2012-02-29 03:00:00,68.00908344668863
2012-02-29 05:00:00,76.6098307927028
2012-02-29 06:00:00,94.15708173459521
2012-02-29 07:00:00,89.27798539047625
2012-02-29 08:00:00,105.3203194309883
2012-02-29 09:00:00,80.33091961050269
2012-02-29 10:00:00,84.27863443746006
2012-02-29 11:00:00,77.1340236283134
2012-02-29 12:00:00,64.41210955718898
2012-02-29 13:00:00,110.42284785918699
2012-02-29 14:00:00,114.37127047570782
2012-02-29 15:00:00,149.26205852739906
2012-02-29 16:00:00,118.3371386475514
2012-02-29 17:00:00,149.97831632348203
2012-02-29 18:00:00,116.71540985094394
2012-02-29 19:00:00,149.54071633204572
2012-02-29 20:00:00,116.82379913304602
2012-02-29 21:00:00,114.4295847832836
2012-02-29 22:00:00,102.14857900181912
2012-02-29 23:00:00,98.79314230381182
2012-03-20 00:00:00,55.0760404437128
2012-03-20 01:00:00,48.0716760689254
2012-03-20 02:00:00,61.10632368457263
2012-03-20 03:00:00,87.19956924203963
2012-03-20 04:00:00,92.25791901675248
2012-03-20 05:00:00,100.83688705438773
2012-03-20 06:00:00,106.18907637251111
2012-03-20 07:00:00,84.99039172412289
2012-03-20 08:00:00,135.91903930348496
2012-03-20 09:00:00,146.4593552787608
2012-03-20 10:00:00,147.6004008351344
2012-03-20 11:00:00,169.8960674135585
2012-03-20 12:00:00,193.34369653222126
2012-03-20 13:00:00,199.6727100068676
2012-03-20 14:00:00,218.23074262442873
2012-03-20 15:00:00,233.18510518663044
2012-03-20 16:00:00,243.2437027157122
2012-03-20 17:00:00,230.73248278104097
2012-03-20 18:00:00,242.92081363670775
2012-03-20 19:00:00,221.5637586750693
2012-03-20 20:00:00,225.8711247088183
2012-03-20 21:00:00,203.17561275829706
2012-03-20 22:00:00,189.63080201394553
2012-03-20 23:00:00,172.0567545763907
2012-03-21 00:00:00,10.22209589836217
2012-03-21 01:00:00,38.62352415500237
2012-03-21 02:00:00,43.47677603454653
2012-03-21 03:00:00,60.4937042049157
2012-03-21 04:00:00,75.35188669672185
2012-03-21 05:00:00,88.4382312585461
2012-03-21 06:00:00,87.42561526555244
2012-03-21 07:00:00,67.82978255241504
2012-03-21 08:00:00,79.72916859030694
2012-03-21 09:00:00,134.00010061970733
2012-03-21 10:00:00,155.80447693741831
2012-03-21 11:00:00,164.87958531311938
2012-03-21 12:00:00,178.51132875042418
2012-03-21 13:00:00,175.81800178163846
2012-03-21 14:00:00,195.1356905567287
2012-03-21 15:00:00,200.83520517406183
2012-03-21 16:00:00,212.9034372692581
2012-03-21 17:00:00,247.85891803956918
2012-03-21 18:00:00,239.84539054543743
2012-03-21 19:00:00,254.94002606415376
2012-03-21 20:00:00,223.08048017723266
2012-03-21 21:00:00,210.43562624662698
2012-03-21 22:00:00,212.02410073549413
2012-03-21 23:00:00,205.09415105639943
2012-03-22 00:00:00,23.433878475390884
2012-03-22 01:00:00,39.47515004896698
2012-03-22 02:00:00,54.77813797569641
2012-03-22 03:00:00,69.3428422555792
2012-03-22 04:00:00,50.72437287909804
2012-03-22 05:00:00,63.47750821993125
2012-03-22 06:00:00,75.49235991391782
2012-03-22 07:00:00,86.76892796105773
2012-03-22 08:00:00,111.8135330177389
2012-03-22 09:00:00,121.8606474568911
2012-03-22 10:00:00,120.15865314895575
2012-03-22 11:00:00,139.1472479026542
2012-03-22 12:00:00,171.96615798093598
2012-03-22 13:00:00,200.359423676119
2012-03-22 14:00:00,229.31926478952448
2012-03-22 15:00:00,259.27048994423274
2012-03-22 16:00:00,278.008805178292
2012-03-22 17:00:00,288.2284181416035
2012-03-22 18:00:00,294.02407479162196
2012-03-22 19:00:00,283.73522673543437
2012-03-22 20:00:00,285.85007342035374
2012-03-22 21:00:00,247.49218158130898
2012-03-22 22:00:00,235.36983676592735
2012-03-22 23:00:00,221.36660952750566
2012-03-23 00:00:00,25.042401996231774
2012-03-23 01:00:00,28.160930998911823
2012-03-23 02:00:00,47.382970358680865
2012-03-23 03:00:00,59.977748350238585
2012-03-23 04:00:00,62.7492518764486
2012-03-23 05:00:00,74.06341754770646
2012-03-23 06:00:00,97.30673295140365
2012-03-23 07:00:00,102.59965182237927
2012-03-23 08:00:00,111.88047577983372
2012-03-23 09:00:00,132.9494751823333
2012-03-23 10:00:00,156.1868537428465
2012-03-23 11:00:00,210.9564851693724
2012-03-23 12:00:00,258.43716276042295
2012-03-23 13:00:00,289.6816958107898
2012-03-23 14:00:00,320.6523982106834
2012-03-23 15:00:00,331.4094026855272
2012-03-23 16:00:00,341.56712962887866
2012-03-23 17:00:00,349.0315693645787
2012-03-23 18:00:00,352.40412094607325
2012-03-23 19:00:00,339.19612743731625
2012-03-23 20:00:00,341.89679122526616
2012-03-23 21:00:00,319.957577949329
2012-03-23 22:00:00,315.40282691070433
2012-03-23 23:00:00,300.7365975919183
2012-03-24 00:00:00,71.22252205580835
2012-03-24 01:00:00,74.60693824687749
2012-03-24 02:00:00,75.0655512158272
2012-03-24 03:00:00,88.25580611730825
2012-03-24 04:00:00,79.68746472909535
2012-03-24 05:00:00,100.69125079872036
2012-03-24 06:00:00,111.90850760334958
2012-03-24 07:00:00,104.5957748383033
2012-03-24 08:00:00,101.34510536908141
2012-03-24 09:00:00,139.93333020936632
2012-03-24 10:00:00,138.77150922594902
2012-03-24 11:00:00,125.92267082785519
2012-03-24 12:00:00,113.78556524232803
2012-03-24 13:00:00,119.14959205860984
2012-03-24 14:00:00,138.0808132669535
2012-03-24 15:00:00,119.26845182249721
2012-03-24 16:00:00,123.92755500455637
2012-03-24 17:00:00,139.42552674949584
2012-03-24 18:00:00,110.18083539330921
2012-03-24 19:00:00,105.77011271343265
2012-03-24 20:00:00,85.05453155021263
2012-03-24 21:00:00,83.18364322515775
2012-03-24 22:00:00,83.85260244018359
2012-03-24 23:00:00,138.83375862186585
2012-03-25 00:00:00,0.0
2012-03-25 01:00:00,0.0
2012-03-25 02:00:00,0.0
2012-03-25 03:00:00,5.114303120312343
2012-03-25 04:00:00,34.19621831968496
2012-03-25 05:00:00,27.95121694566265
2012-03-25 06:00:00,38.31724991794522
2012-03-25 07:00:00,61.94413480490516
2012-03-25 08:00:00,71.2465897066727
2012-03-25 09:00:00,79.77640806734594
2012-03-25 10:00:00,104.48536687588336
2012-03-25 11:00:00,93.84523992414576
2012-03-25 12:00:00,98.89415141155084
2012-03-25 13:00:00,122.44672718039521
2012-03-25 14:00:00,133.78387534318313
2012-03-25 15:00:00,139.35336806136553
2012-03-25 16:00:00,155.73405066379283
2012-03-25 17:00:00,191.64411612981795
2012-03-25 18:00:00,193.310966867968
2012-03-25 19:00:00,215.49756994167
2012-03-25 20:00:00,190.9940589907852
2012-03-25 21:00:00,182.92598051371405
2012-03-25 22:00:00,154.81745105879742
2012-03-25 23:00:00,162.32293922532193
2012-03-26 00:00:00,22.775796339754322
2012-03-26 01:00:00,35.89120788587084
2012-03-26 02:00:00,39.68844973050889
2012-03-26 03:00:00,63.26504688050019
2012-03-26 04:00:00,73.67964075619952
2012-03-26 05:00:00,93.50497532778822
2012-03-26 06:00:00,95.39534347247425
2012-03-26 07:00:00,124.05376706534344
2012-03-26 08:00:00,149.6231869750174
2012-03-26 09:00:00,185.099113781925
2012-03-26 10:00:00,217.7416037823482
2012-03-26 11:00:00,229.17599708223858
2012-03-26 12:00:00,237.34069931764148
2012-03-26 13:00:00,247.12741253235058
2012-03-26 14:00:00,252.81499605529208
2012-03-26 15:00:00,265.3616160622221
2012-03-26 16:00:00,276.42212818231775
2012-03-26 17:00:00,273.9909058401347
2012-03-26 18:00:00,269.12388398850567
2012-03-26 19:00:00,262.1457378935511
2012-03-26 20:00:00,263.1814418805848
2012-03-26 21:00:00,256.8780291231745
2012-03-26 22:00:00,231.0558577333098
2012-03-26 23:00:00,225.74156688417963
2012-03-27 00:00:00,68.15367082881934
2012-03-27 01:00:00,84.92630597033214
2012-03-27 02:00:00,95.26898811910323
2012-03-27 03:00:00,106.02797839084494
2012-03-27 04:00:00,111.06631172886404
2012-03-27 05:00:00,114.9825415252341
2012-03-27 06:00:00,124.13571770434669
2012-03-27 07:00:00,131.75793652972212
2012-03-27 08:00:00,139.15506924336736
2012-03-27 09:00:00,146.20483364203108
2012-03-27 10:00:00,162.28362448692388
2012-03-27 11:00:00,180.2263503389192
2012-03-27 12:00:00,190.18495716912096
2012-03-27 13:00:00,194.51379751014946
2012-03-27 14:00:00,230.98288269512398
2012-03-27 15:00:00,230.58419281750474
2012-03-27 16:00:00,233.34747449624243
2012-03-27 17:00:00,246.29533159266612
2012-03-27 18:00:00,251.82233208509996
2012-03-27 19:00:00,240.4067306301056
2012-03-27 20:00:00,253.18470864222087
2012-03-27 21:00:00,211.30584759493667
2012-03-27 22:00:00,205.77425110088353
2012-03-27 23:00:00,210.9226455098559
2012-03-28 00:00:00,73.62399033654421
2012-03-28 01:00:00,79.64387073390715
2012-03-28 02:00:00,85.7856518940257
2012-03-28 03:00:00,107.41130521069294
2012-03-28 04:00:00,123.14219881654589
2012-03-28 05:00:00,134.795849271334
2012-03-28 06:00:00,141.3265885567425
2012-03-28 07:00:00,151.92998792407394
2012-03-28 08:00:00,170.9347182864506
2012-03-28 09:00:00,189.2866137958469
2012-03-28 10:00:00,217.245615360103
2012-03-28 11:00:00,235.81047385732626
2012-03-28 12:00:00,243.94948534647958
2012-03-28 13:00:00,267.54693692639046
2012-03-28 14:00:00,311.6041079457543
2012-03-28 15:00:00,298.0449492243937
2012-03-28 16:00:00,256.1967675139549
2012-03-28 17:00:00,281.1952538763787
2012-03-28 18:00:00,286.62057180628585
2012-03-28 19:00:00,297.9033338957866
2012-03-28 20:00:00,312.88940723140695
2012-03-28 21:00:00,284.6536527213681
2012-03-28 22:00:00,256.88151979022086
2012-03-28 23:00:00,242.46138377062084
2012-03-29 00:00:00,55.696271898171204
2012-03-29 01:00:00,89.12443103348951
2012-03-29 02:00:00,171.45618104471555
2012-03-29 03:00:00,179.87908051595562
2012-03-29 04:00:00,170.73235332003148
2012-03-29 05:00:00,165.76166722798882
2012-03-29 06:00:00,147.67853257760268
2012-03-29 07:00:00,173.90721639642516
2012-03-29 08:00:00,191.81312854134518
2012-03-29 09:00:00,206.4920964181683
2012-03-29 10:00:00,213.35994859802796
2012-03-29 11:00:00,237.66420252968337
2012-03-29 12:00:00,252.43788567683103
2012-03-29 13:00:00,242.3684643129282
2012-03-29 14:00:00,266.61221794111253
2012-03-29 15:00:00,285.0391024423154
2012-03-29 16:00:00,294.43752761273504
2012-03-29 17:00:00,300.3474022475424
2012-03-29 18:00:00,290.2915576562672
2012-03-29 19:00:00,284.9133734388846
2012-03-29 20:00:00,282.2821777025679
2012-03-29 21:00:00,265.2649956617821
2012-03-29 22:00:00,257.4709618890585
2012-03-29 23:00:00,253.97158560469506
2012-03-30 00:00:00,74.88906902364653
2012-03-30 01:00:00,82.91624030742693
2012-03-30 02:00:00,85.7094675713883
2012-03-30 03:00:00,83.24458563669293
2012-03-30 04:00:00,108.17317856049524
2012-03-30 05:00:00,101.89944018147852
2012-03-30 06:00:00,120.2752679759473
2012-03-30 07:00:00,129.15817848855517
2012-03-30 08:00:00,122.54072712417366
2012-03-30 09:00:00,150.40989818529835
2012-03-30 10:00:00,159.06310340101703
2012-03-30 11:00:00,168.71081908028088
2012-03-30 12:00:00,178.2456339974806
2012-03-30 13:00:00,168.01276340158856
2012-03-30 14:00:00,165.5048881747198
2012-03-30 15:00:00,174.4441751925269
2012-03-30 16:00:00,163.36197873299847
2012-03-30 17:00:00,206.75777443383691
2012-03-30 18:00:00,232.95966935091076
2012-03-30 19:00:00,216.62135104788226
2012-03-30 20:00:00,211.64605315417006
2012-03-30 21:00:00,193.36425219012847
2012-03-30 22:00:00,172.9183435610251
2012-03-30 23:00:00,153.55816395319573
2012-03-31 00:00:00,7.425149214765639
2012-03-31 01:00:00,41.58579489806445
2012-03-31 02:00:00,54.85063454887833
2012-03-31 03:00:00,50.184279313174244
2012-03-31 04:00:00,79.18960500672637
2012-03-31 05:00:00,71.5571209601453
2012-03-31 06:00:00,60.43412038298658
2012-03-31 07:00:00,68.63736823760303
2012-03-31 08:00:00,76.66786171032044
2012-03-31 09:00:00,123.2098292606722
2012-03-31 10:00:00,127.90649849162519
2012-03-31 11:00:00,156.2876212410863
2012-03-31 12:00:00,165.57510146231348
2012-03-31 13:00:00,224.5887362004273
2012-03-31 14:00:00,217.21160611072733
2012-03-31 15:00:00,239.67613124404028
2012-03-31 16:00:00,228.29910828592085
2012-03-31 17:00:00,226.05910033698152
2012-03-31 18:00:00,195.79106171921688
2012-03-31 19:00:00,197.2166125580278
2012-03-31 20:00:00,178.4565752432393
2012-03-31 21:00:00,177.96825367203178
2012-03-31 22:00:00,161.88567362598016
2012-03-31 23:00:00,130.4249902276533
2012-04-20 00:00:00,53.00004135003729
2012-04-20 01:00:00,37.543039282857734
2012-04-20 02:00:00,37.669313770141855
2012-04-20 03:00:00,49.86743765082508
2012-04-20 04:00:00,47.28207858230272
2012-04-20 05:00:00,53.462880302158
2012-04-20 06:00:00,77.0998551961307
2012-04-20 07:00:00,74.7121456092398
2012-04-20 08:00:00,88.25972649941129
2012-04-20 09:00:00,122.07143150374193
2012-04-20 10:00:00,171.2125276854121
2012-04-20 11:00:00,207.75850695205787
2012-04-20 12:00:00,260.3070999191734
2012-04-20 13:00:00,309.05181003887833
2012-04-20 14:00:00,322.9669439523518
2012-04-20 15:00:00,323.1130115066478
2012-04-20 16:00:00,340.9556251414508
2012-04-20 17:00:00,346.41144421673334
2012-04-20 18:00:00,342.60402178007155
2012-04-20 19:00:00,328.2446311161963
2012-04-20 20:00:00,301.56769658651683
2012-04-20 21:00:00,268.5988519220415
2012-04-20 22:00:00,277.3281082063943
2012-04-20 23:00:00,246.06304210141326
2012-04-21 00:00:00,48.312003183545556
2012-04-21 01:00:00,63.657275444384936
2012-04-21 02:00:00,74.85172247442421
2012-04-21 03:00:00,74.49686626867033
2012-04-21 04:00:00,88.4047952475108
2012-04-21 05:00:00,100.71599189023948
2012-04-21 06:00:00,110.9250172524275
2012-04-21 07:00:00,124.45529855594152
2012-04-21 08:00:00,141.77624658269875
2012-04-21 09:00:00,161.6407722679723
2012-04-21 10:00:00,240.94311286399997
2012-04-21 11:00:00,265.49131939607116
2012-04-21 12:00:00,284.2081012337717
2012-04-21 13:00:00,304.59253400169575
2012-04-21 14:00:00,353.3994356321391
2012-04-21 15:00:00,381.1625791789371
2012-04-21 16:00:00,379.5121524244198
2012-04-21 17:00:00,418.56606225126734
2012-04-21 18:00:00,372.0738878917947
2012-04-21 19:00:00,213.47188490617447
2012-04-21 20:00:00,164.1079855207958
2012-04-21 21:00:00,166.54916362359566
2012-04-21 22:00:00,193.23520016941418
2012-04-21 23:00:00,184.50537887890394
2012-04-22 00:00:00,24.133167282836837
2012-04-22 01:00:00,34.89290980808411
2012-04-22 02:00:00,77.63028899393501
2012-04-22 03:00:00,61.47772824861133
2012-04-22 04:00:00,85.50284564253252
2012-04-22 05:00:00,97.30542609505926
2012-04-22 06:00:00,119.39821240892425
2012-04-22 07:00:00,84.34259312210921
2012-04-22 08:00:00,80.89503930098832
2012-04-22 09:00:00,88.09728722538537
2012-04-22 10:00:00,86.16369819332196
2012-04-22 11:00:00,80.6363725529053
2012-04-22 12:00:00,85.01956739998877
2012-04-22 13:00:00,100.98406658439642
2012-04-22 14:00:00,93.12532878193079
2012-04-22 15:00:00,95.25271177713915
2012-04-22 16:00:00,96.49525614303649
2012-04-22 17:00:00,62.566751940063796
2012-04-22 18:00:00,63.27065794753679
2012-04-22 19:00:00,76.1485599922928
2012-04-22 20:00:00,66.16169813642821
2012-04-22 21:00:00,78.95107288454258
2012-04-22 22:00:00,59.433466951498815
2012-04-22 23:00:00,84.57085368385408
2012-04-23 00:00:00,0.0
2012-04-23 01:00:00,0.0
2012-04-23 02:00:00,29.47448174294945
2012-04-23 03:00:00,52.50053722360636
2012-04-23 04:00:00,26.720826683933552
2012-04-23 05:00:00,36.495994750430214
2012-04-23 06:00:00,82.43472403293401
2012-04-23 07:00:00,55.62141113264437
2012-04-23 08:00:00,106.91894556466261
2012-04-23 09:00:00,113.1198384277691
2012-04-23 10:00:00,133.16689917637945
2012-04-23 11:00:00,138.23463721349043
2012-04-23 12:00:00,100.26833830209108
2012-04-23 13:00:00,109.49762824559373
2012-04-23 14:00:00,120.1562959098957
2012-04-23 15:00:00,180.28664370715148
2012-04-23 16:00:00,91.72922589000198
2012-04-23 17:00:00,92.29888683457018
2012-04-23 18:00:00,103.75830488100446
2012-04-23 19:00:00,164.02533802516058
2012-04-23 20:00:00,156.29880066890956
2012-04-23 21:00:00,151.05266440487463
2012-04-23 22:00:00,150.3946412510682
2012-04-23 23:00:00,143.9282513032727
2012-04-24 00:00:00,24.334060034825086
2012-04-24 01:00:00,31.284181198906253
2012-04-24 02:00:00,39.58364160986932
2012-04-24 03:00:00,51.47675268692629
2012-04-24 04:00:00,77.23068500225638
2012-04-24 05:00:00,87.66876759726443
2012-04-24 06:00:00,98.0928459835597
2012-04-24 07:00:00,117.64069316594478
2012-04-24 08:00:00,136.86888545800574
2012-04-24 09:00:00,184.9705021768041
2012-04-24 10:00:00,197.41283543638667
2012-04-24 11:00:00,240.42596447992497
2012-04-24 12:00:00,257.4190067323456
2012-04-24 13:00:00,271.65055132948163
2012-04-24 14:00:00,284.5033698454106
2012-04-24 15:00:00,295.2672153782574
2012-04-24 16:00:00,285.85494224576183
2012-04-24 17:00:00,314.2024943035958
2012-04-24 18:00:00,274.6883759087791
2012-04-24 19:00:00,309.28295063688284
2012-04-24 20:00:00,307.5663970615152
2012-04-24 21:00:00,267.0932164667458
2012-04-24 22:00:00,249.63281796884866
2012-04-24 23:00:00,234.12767673778708
2012-04-25 00:00:00,88.04524789427005
2012-04-25 01:00:00,95.67298235524703
2012-04-25 02:00:00,69.68259827760919
2012-04-25 03:00:00,67.24194128474161
2012-04-25 04:00:00,87.67091209804252
2012-04-25 05:00:00,94.26650209951035
2012-04-25 06:00:00,103.87480263067718
2012-04-25 07:00:00,104.64295751666653
2012-04-25 08:00:00,113.52604648418104
2012-04-25 09:00:00,163.96026459519823
2012-04-25 10:00:00,226.11109383396996
2012-04-25 11:00:00,250.28979463608425
2012-04-25 12:00:00,280.78196320741324
2012-04-25 13:00:00,294.4603717151152
2012-04-25 14:00:00,316.57063468025535
2012-04-25 15:00:00,320.2461758995562
2012-04-25 16:00:00,352.8284361394242
2012-04-25 17:00:00,357.28726371362376
2012-04-25 18:00:00,361.8715053759022
2012-04-25 19:00:00,357.29364772731014
2012-04-25 20:00:00,321.17051206172437
2012-04-25 21:00:00,268.6640269396746
2012-04-25 22:00:00,241.8406169949631
2012-04-25 23:00:00,256.0381653930376
2012-04-26 00:00:00,57.646527966138365
2012-04-26 01:00:00,95.79002727347266
2012-04-26 02:00:00,100.68529291988071
2012-04-26 03:00:00,115.14798485996768
2012-04-26 04:00:00,122.80737332501009
2012-04-26 05:00:00,130.05922499263153
2012-04-26 06:00:00,142.1867329016511
2012-04-26 07:00:00,78.58433011663791
2012-04-26 08:00:00,97.48614775670049
2012-04-26 09:00:00,96.49129233620081
2012-04-26 10:00:00,129.08358638246932
2012-04-26 11:00:00,139.21197122842085
2012-04-26 12:00:00,179.05110599272885
2012-04-26 13:00:00,184.76831661335729
2012-04-26 14:00:00,213.1941214352981
2012-04-26 15:00:00,208.268653249984
2012-04-26 16:00:00,211.23900490630777
2012-04-26 17:00:00,228.614733679283
2012-04-26 18:00:00,236.58924325006785
2012-04-26 19:00:00,242.6744315672744
2012-04-26 20:00:00,243.28120939403817
2012-04-26 21:00:00,229.65989304940857
2012-04-26 22:00:00,223.56916791363633
2012-04-26 23:00:00,205.97721998544614
2012-04-27 00:00:00,47.241537745046486
2012-04-27 01:00:00,83.84899872895753
2012-04-27 02:00:00,98.92047048519863
2012-04-27 03:00:00,125.97080164914647
2012-04-27 04:00:00,146.78206162538714
2012-04-27 05:00:00,160.0909090109975
2012-04-27 06:00:00,169.2887360301154
2012-04-27 07:00:00,164.66566298219854
2012-04-27 08:00:00,164.42373034968696
2012-04-27 09:00:00,207.04927662175743
2012-04-27 10:00:00,233.99219685276708
2012-04-27 11:00:00,241.88097044610421
2012-04-27 12:00:00,261.20510376552255
2012-04-27 13:00:00,275.3882491207265
2012-04-27 14:00:00,280.502960282072
2012-04-27 15:00:00,322.2008790240165
2012-04-27 16:00:00,316.81110504693777
2012-04-27 17:00:00,348.09798838309973
2012-04-27 18:00:00,341.9462936047874
2012-04-27 19:00:00,336.9515320434076
2012-04-27 20:00:00,308.3607649338313
2012-04-27 21:00:00,299.8418386580431
2012-04-27 22:00:00,279.22974227682005
2012-04-27 23:00:00,266.7621293281596
2012-04-28 00:00:00,98.75017582684919
2012-04-28 01:00:00,88.99077775170839
2012-04-28 02:00:00,115.88273798399516
2012-04-28 03:00:00,109.41161704461803
2012-04-28 04:00:00,119.59757324080152
2012-04-28 05:00:00,133.85444461707044
2012-04-28 06:00:00,139.36289342948947
2012-04-28 07:00:00,145.7983216699765
2012-04-28 08:00:00,187.5078182917387
2012-04-28 09:00:00,190.34104316255844
2012-04-28 10:00:00,200.52948272250032
2012-04-28 11:00:00,203.20147584964033
2012-04-28 12:00:00,194.19333490814142
2012-04-28 13:00:00,216.21777095968568
2012-04-28 14:00:00,235.5208581172584
2012-04-28 15:00:00,245.42982259982952
2012-04-28 16:00:00,255.93652237581034
2012-04-28 17:00:00,239.07367780423493
2012-04-28 18:00:00,180.1130742938621
2012-04-28 19:00:00,114.55152145742935
2012-04-28 20:00:00,156.33429094822776
2012-04-28 21:00:00,112.65386896129279
2012-04-28 22:00:00,141.2655264925608
2012-04-28 23:00:00,138.58024240355863
2012-04-29 00:00:00,0.0
2012-04-29 01:00:00,18.87639541995543
2012-04-29 02:00:00,18.30032229100513
2012-04-29 03:00:00,28.26535048927059
2012-04-29 04:00:00,39.016206585684216
2012-04-29 05:00:00,29.687168070425713
2012-04-29 06:00:00,44.22892399910549
2012-04-29 07:00:00,61.25952967835104
2012-04-29 08:00:00,104.14161100616171
2012-04-29 09:00:00,130.40594902319228
2012-04-29 10:00:00,149.7175668359087
2012-04-29 11:00:00,198.45631871526092
2012-04-29 12:00:00,240.5681882258262
2012-04-29 13:00:00,251.61348529900897
2012-04-29 14:00:00,284.5183624283933
2012-04-29 15:00:00,309.1751154802151
2012-04-29 16:00:00,371.6993929993214
2012-04-29 17:00:00,396.37609440198423
2012-04-29 18:00:00,396.0043451705102
2012-04-29 19:00:00,326.87086145522255
2012-04-29 20:00:00,328.0844694025732
2012-04-29 21:00:00,278.05003559845545
2012-04-29 22:00:00,250.5292500599647
2012-04-29 23:00:00,204.43724730322572
2012-04-30 00:00:00,34.31001893951813
2012-04-30 01:00:00,39.494211934171545
2012-04-30 02:00:00,63.931119840298834
2012-04-30 03:00:00,68.40131237339537
2012-04-30 04:00:00,100.76275341558795
2012-04-30 05:00:00,112.73654123671534
2012-04-30 06:00:00,145.55758324657967
2012-04-30 07:00:00,152.0900032873408
2012-04-30 08:00:00,170.62056852351847
2012-04-30 09:00:00,173.90815936253378
2012-04-30 10:00:00,187.75664584489607
2012-04-30 11:00:00,194.5355346058959
2012-04-30 12:00:00,199.72341284970162
2012-04-30 13:00:00,208.88220984930769
2012-04-30 14:00:00,218.06831788138044
2012-04-30 15:00:00,226.99805949720815
2012-04-30 16:00:00,245.0876324961114
2012-04-30 17:00:00,246.96119359256528
2012-04-30 18:00:00,255.0227430231253
2012-04-30 19:00:00,249.3403477397715
2012-04-30 20:00:00,247.64611335095393
2012-04-30 21:00:00,249.41554104328833
2012-04-30 22:00:00,252.42042968039738
2012-04-30 23:00:00,258.34052878411444
2012-05-20 00:00:00,123.22925550297892
2012-05-20 01:00:00,129.33849484125258
2012-05-20 02:00:00,143.57225275727237
2012-05-20 03:00:00,148.78437235417954
2012-05-20 04:00:00,125.10455636510743
2012-05-20 05:00:00,122.04579463453187
2012-05-20 06:00:00,159.04438741211823
2012-05-20 07:00:00,167.32256515659023
2012-05-20 08:00:00,219.99838800206504
2012-05-20 09:00:00,328.08841806351757
2012-05-20 10:00:00,346.8527204575212
2012-05-20 11:00:00,354.6941724026809
2012-05-20 12:00:00,373.33042456909277
2012-05-20 13:00:00,381.8198734056273
2012-05-20 14:00:00,403.47811943122656
2012-05-20 15:00:00,389.7423059426053
2012-05-20 16:00:00,410.17125854829317
2012-05-20 17:00:00,406.6613867430972
2012-05-20 18:00:00,391.436298417662
2012-05-20 19:00:00,359.33491022274563
2012-05-20 20:00:00,364.0540517199739
2012-05-20 21:00:00,332.7652816771788
2012-05-20 22:00:00,306.92482272017617
2012-05-20 23:00:00,239.2582227741318
2012-05-21 00:00:00,0.0
2012-05-21 01:00:00,0.0
2012-05-21 02:00:00,9.819824408779454
2012-05-21 03:00:00,69.38099693751863
2012-05-21 04:00:00,46.56338220000586
2012-05-21 05:00:00,60.3740507898776
2012-05-21 06:00:00,73.4464357329027
2012-05-21 07:00:00,85.78053702908116
2012-05-21 08:00:00,99.06150518650885
2012-05-21 09:00:00,110.36196530017467
2012-05-21 10:00:00,122.75277885561418
2012-05-21 11:00:00,187.0755387796136
2012-05-21 12:00:00,200.18148558850987
2012-05-21 13:00:00,162.38010166611
2012-05-21 14:00:00,169.17133140568876
2012-05-21 15:00:00,251.05230150529852
2012-05-21 16:00:00,262.10765985510756
2012-05-21 17:00:00,281.2283487784959
2012-05-21 18:00:00,258.0145089238854
2012-05-21 19:00:00,273.9476286725147
2012-05-21 20:00:00,277.64048385724993
2012-05-21 21:00:00,269.7201836926123
2012-05-21 22:00:00,276.939308293085
2012-05-21 23:00:00,291.7766884876979
2012-05-22 00:00:00,32.30159485437153
2012-05-22 01:00:00,51.486393804417816
2012-05-22 02:00:00,68.1105740001083
2012-05-22 03:00:00,83.88921753471503
2012-05-22 04:00:00,88.52107149078734
2012-05-22 05:00:00,68.2892188655526
2012-05-22 06:00:00,82.73989280137476
2012-05-22 07:00:00,94.13446358463989
2012-05-22 08:00:00,140.81714222730045
2012-05-22 09:00:00,166.94769798885085
2012-05-22 10:00:00,186.88324265718114
2012-05-22 11:00:00,190.62383627604507
2012-05-22 12:00:00,212.2083872985104
2012-05-22 13:00:00,225.82437189326507
2012-05-22 14:00:00,243.05442920940317
2012-05-22 15:00:00,285.3536118557712
2012-05-22 16:00:00,288.4803142174705
2012-05-22 17:00:00,305.3737429635187
2012-05-22 18:00:00,305.155783154866
2012-05-22 19:00:00,300.3972605600018
2012-05-22 20:00:00,294.10135750859
2012-05-22 21:00:00,265.2796316498506
2012-05-22 22:00:00,269.85804466535984
2012-05-22 23:00:00,273.74607316476875
2012-05-23 00:00:00,48.028257513460204
2012-05-23 01:00:00,53.59430498809547
2012-05-23 02:00:00,72.1034186649078
2012-05-23 03:00:00,95.5434409387968
2012-05-23 04:00:00,69.35276270013499
2012-05-23 05:00:00,68.06932524145239
2012-05-23 06:00:00,110.90032341015613
2012-05-23 07:00:00,128.55498828532356
2012-05-23 08:00:00,140.05649529901567
2012-05-23 09:00:00,178.56653444808995
2012-05-23 10:00:00,191.2567307926213
2012-05-23 11:00:00,206.61207704329058
2012-05-23 12:00:00,241.68340150761668
2012-05-23 13:00:00,247.58910075999017
2012-05-23 14:00:00,277.03699130479004
2012-05-23 15:00:00,285.18734270829424
2012-05-23 16:00:00,261.20371981573186
2012-05-23 17:00:00,233.99145518561093
2012-05-23 18:00:00,238.53396179245402
2012-05-23 19:00:00,259.5672528582069
2012-05-23 20:00:00,256.0820226847358
2012-05-23 21:00:00,247.68182731000158
2012-05-23 22:00:00,270.06126701219245
2012-05-23 23:00:00,255.0098866608784
2012-05-24 00:00:00,35.55457814737272
2012-05-24 01:00:00,41.51935293437347
2012-05-24 02:00:00,53.07078323670939
2012-05-24 03:00:00,79.39479947493832
2012-05-24 04:00:00,95.45934686462962
2012-05-24 05:00:00,110.56446918879
2012-05-24 06:00:00,124.93130786610372
2012-05-24 07:00:00,144.29102581675286
2012-05-24 08:00:00,186.31204046838698
2012-05-24 09:00:00,200.86011276882982
2012-05-24 10:00:00,231.7231026337975
2012-05-24 11:00:00,248.40961505112347
2012-05-24 12:00:00,281.94291453689533
2012-05-24 13:00:00,312.8142612074363
2012-05-24 14:00:00,333.55606176762353
2012-05-24 15:00:00,346.2783371815466
2012-05-24 16:00:00,364.5262742078082
2012-05-24 17:00:00,367.1455931596614
2012-05-24 18:00:00,373.5506834870705
2012-05-24 19:00:00,355.79618368314914
2012-05-24 20:00:00,322.2725024702911
2012-05-24 21:00:00,239.55023213969343
2012-05-24 22:00:00,285.4286305723312
2012-05-24 23:00:00,291.17798515908555
2012-05-25 00:00:00,41.077597679463935
2012-05-25 01:00:00,57.64999769385756
2012-05-25 02:00:00,75.60533103222895
2012-05-25 03:00:00,82.96136911750398
2012-05-25 04:00:00,95.88097400355186
2012-05-25 05:00:00,113.70420894339595
2012-05-25 06:00:00,128.50537496519095
2012-05-25 07:00:00,143.80672261247042
2012-05-25 08:00:00,157.61336332443003
2012-05-25 09:00:00,171.36533542607725
2012-05-25 10:00:00,220.20065036542948
2012-05-25 11:00:00,229.46146009312966
2012-05-25 12:00:00,281.1021284778907
2012-05-25 13:00:00,307.8039738981608
2012-05-25 14:00:00,326.67699343658956
2012-05-25 15:00:00,344.4118924960927
2012-05-25 16:00:00,383.2565581118628
2012-05-25 17:00:00,372.29098882305505
2012-05-25 18:00:00,370.7340398304709
2012-05-25 19:00:00,373.6349284330097
2012-05-25 20:00:00,345.2732167832438
2012-05-25 21:00:00,345.65066423946325
2012-05-25 22:00:00,307.84695895960147
2012-05-25 23:00:00,316.0908863647482
2012-05-26 00:00:00,56.1897289230661
2012-05-26 01:00:00,71.4063434346233
2012-05-26 02:00:00,70.41092394055886
2012-05-26 03:00:00,81.55655369904832
2012-05-26 04:00:00,97.61954144503207
2012-05-26 05:00:00,134.20292242148025
2012-05-26 06:00:00,127.93406174313738
2012-05-26 07:00:00,144.8064715381235
2012-05-26 08:00:00,182.63279343753405
2012-05-26 09:00:00,182.58657125547464
2012-05-26 10:00:00,225.51611004604217
2012-05-26 11:00:00,256.9552240579869
2012-05-26 12:00:00,307.03227762327276
2012-05-26 13:00:00,324.7521338482285
2012-05-26 14:00:00,337.49660007035106
2012-05-26 15:00:00,352.8802441266821
2012-05-26 16:00:00,392.63568585290227
2012-05-26 17:00:00,398.6905747569456
2012-05-26 18:00:00,390.29313013435006
2012-05-26 19:00:00,359.6910055766223
2012-05-26 20:00:00,383.61249468574556
2012-05-26 21:00:00,364.8581088990112
2012-05-26 22:00:00,333.9749347099972
2012-05-26 23:00:00,336.04153828041945
2012-05-27 00:00:00,108.42733219986623
2012-05-27 01:00:00,109.75899944150859
2012-05-27 02:00:00,124.32855243808432
2012-05-27 03:00:00,137.21637274810652
2012-05-27 04:00:00,117.83992137204855
2012-05-27 05:00:00,131.77476550014075
2012-05-27 06:00:00,142.88933702752263
2012-05-27 07:00:00,138.3913717869475
2012-05-27 08:00:00,173.10189671065328
2012-05-27 09:00:00,196.10463424656132
2012-05-27 10:00:00,245.29115990521098
2012-05-27 11:00:00,294.2892440396928
2012-05-27 12:00:00,315.63660851202576
2012-05-27 13:00:00,350.08414145833115
2012-05-27 14:00:00,366.11124201820724
2012-05-27 15:00:00,400.07575557382614
2012-05-27 16:00:00,408.515708131913
2012-05-27 17:00:00,426.0447082401353
2012-05-27 18:00:00,402.72257758662494
2012-05-27 19:00:00,394.666605880368
2012-05-27 20:00:00,388.5766800627449
2012-05-27 21:00:00,293.139396458033
2012-05-27 22:00:00,201.51832442358682
2012-05-27 23:00:00,215.5687077866114
2012-05-28 00:00:00,36.821827175561026
2012-05-28 01:00:00,67.25026395690574
2012-05-28 02:00:00,66.5660357717217
2012-05-28 03:00:00,111.77691253404299
2012-05-28 04:00:00,106.62603803073259
2012-05-28 05:00:00,120.50155849312418
2012-05-28 06:00:00,154.65662034314028
2012-05-28 07:00:00,148.9189462799851
2012-05-28 08:00:00,183.6482541153007
2012-05-28 09:00:00,227.88856020758863
2012-05-28 10:00:00,238.5706801920276
2012-05-28 11:00:00,264.2527859126543
2012-05-28 12:00:00,300.0144054574994
2012-05-28 13:00:00,351.25967870402394
2012-05-28 14:00:00,362.33431731481346
2012-05-28 15:00:00,397.844581364555
2012-05-28 16:00:00,411.08442810325795
2012-05-28 17:00:00,416.73546709035594
2012-05-28 18:00:00,407.7592878173772
2012-05-28 19:00:00,421.3787044887713
2012-05-28 20:00:00,399.80614444713274
2012-05-28 21:00:00,382.6367064573011
2012-05-28 22:00:00,342.44311940804016
2012-05-28 23:00:00,328.6228239662171
2012-05-29 00:00:00,52.84128978183719
2012-05-29 01:00:00,72.21237928099603
2012-05-29 02:00:00,77.22286188709339
2012-05-29 03:00:00,107.10134541483971
2012-05-29 04:00:00,120.52341015341585
2012-05-29 05:00:00,136.36787749283573
2012-05-29 06:00:00,151.4740611854089
2012-05-29 07:00:00,165.84196123113549
2012-05-29 08:00:00,196.98164831533487
2012-05-29 09:00:00,226.599922007975
2012-05-29 10:00:00,247.51629332476938
2012-05-29 11:00:00,281.2616615302212
2012-05-29 12:00:00,322.81998490595794
2012-05-29 13:00:00,350.9527648167308
2012-05-29 14:00:00,365.14942680077456
2012-05-29 15:00:00,380.703066389266
2012-05-29 16:00:00,398.0025548443389
2012-05-29 17:00:00,406.6144424854773
2012-05-29 18:00:00,408.1180064142486
2012-05-29 19:00:00,390.1103422196404
2012-05-29 20:00:00,284.1208267786072
2012-05-29 21:00:00,199.8639976277221
2012-05-29 22:00:00,244.7156800514549
2012-05-29 23:00:00,171.02162300464124
2012-05-30 00:00:00,5.412547054601049
2012-05-30 01:00:00,18.24683057241856
2012-05-30 02:00:00,26.095231098406032
2012-05-30 03:00:00,52.31862723057577
2012-05-30 04:00:00,97.07783430770274
2012-05-30 05:00:00,132.41608033510323
2012-05-30 06:00:00,142.5838159014452
2012-05-30 07:00:00,122.89053942132944
2012-05-30 08:00:00,180.70738446904238
2012-05-30 09:00:00,205.23753775779915
2012-05-30 10:00:00,219.2160235007109
2012-05-30 11:00:00,243.55281260449362
2012-05-30 12:00:00,268.80430495390397
2012-05-30 13:00:00,283.7171456006563
2012-05-30 14:00:00,329.52598539356904
2012-05-30 15:00:00,324.98853646963846
2012-05-30 16:00:00,336.83346147621637
2012-05-30 17:00:00,344.36235949682566
2012-05-30 18:00:00,361.33340585902295
2012-05-30 19:00:00,352.0235185753936
2012-05-30 20:00:00,269.6561257312459
2012-05-30 21:00:00,331.2429799525087
2012-05-30 22:00:00,303.46062041997106
2012-05-30 23:00:00,313.26511065645826
2012-05-31 00:00:00,72.35806608172919
2012-05-31 01:00:00,89.01914091956417
2012-05-31 02:00:00,114.62350878789167
2012-05-31 03:00:00,120.99476133924631
2012-05-31 04:00:00,130.4103050114154
2012-05-31 05:00:00,159.82297628438528
2012-05-31 06:00:00,161.46347912922192
2012-05-31 07:00:00,197.93444448920636
2012-05-31 08:00:00,229.28044090964536
2012-05-31 09:00:00,268.1699154960305
2012-05-31 10:00:00,311.37812630137125
2012-05-31 11:00:00,329.35634327217133
2012-05-31 12:00:00,334.41932353880577
2012-05-31 13:00:00,346.8431873631272
2012-05-31 14:00:00,377.41482927291213
2012-05-31 15:00:00,393.4643310670188
2012-05-31 16:00:00,401.6794808714483
2012-05-31 17:00:00,400.6837780251468
2012-05-31 18:00:00,405.33114004620296
2012-05-31 19:00:00,395.8966972515747
2012-05-31 20:00:00,369.80700570342253
2012-05-31 21:00:00,374.1335342908285
2012-05-31 22:00:00,357.7643075097043
2012-05-31 23:00:00,361.59162893139876
2012-06-20 00:00:00,61.382937978209554
2012-06-20 01:00:00,77.44025911908022
2012-06-20 02:00:00,82.55046249503081
2012-06-20 03:00:00,98.50944943315886
2012-06-20 04:00:00,112.20621261582843
2012-06-20 05:00:00,127.71706324442219
2012-06-20 06:00:00,131.25406786217485
2012-06-20 07:00:00,143.89272204351462
2012-06-20 08:00:00,195.1167715743881
2012-06-20 09:00:00,217.23463233818984
2012-06-20 10:00:00,311.227898580685
2012-06-20 11:00:00,342.9791300465421
2012-06-20 12:00:00,363.8017085420487
2012-06-20 13:00:00,372.71467376677214
2012-06-20 14:00:00,412.10968687817234
2012-06-20 15:00:00,411.2686614253314
2012-06-20 16:00:00,437.9434954665453
2012-06-20 17:00:00,426.9635547582441
2012-06-20 18:00:00,435.60780688624425
2012-06-20 19:00:00,471.6200310908655
2012-06-20 20:00:00,463.2964173688719
2012-06-20 21:00:00,430.65180329939847
2012-06-20 22:00:00,429.58681717796276
2012-06-20 23:00:00,394.3029895991863
2012-06-21 00:00:00,43.469489461255876
2012-06-21 01:00:00,41.02085434595605
2012-06-21 02:00:00,58.43208785043515
2012-06-21 03:00:00,82.04077540677946
2012-06-21 04:00:00,76.02071218795341
2012-06-21 05:00:00,92.34011312924393
2012-06-21 06:00:00,127.42406196222747
2012-06-21 07:00:00,141.63393719989028
2012-06-21 08:00:00,167.0884788556819
2012-06-21 09:00:00,244.74840934601872
2012-06-21 10:00:00,275.5119332203334
2012-06-21 11:00:00,311.98779038325057
2012-06-21 12:00:00,354.7981626482889
2012-06-21 13:00:00,346.2459876298117
2012-06-21 14:00:00,363.0671375237991
2012-06-21 15:00:00,398.9045599052567
2012-06-21 16:00:00,394.5778470839051
2012-06-21 17:00:00,370.88541264259186
2012-06-21 18:00:00,391.9061644592472
2012-06-21 19:00:00,415.3160563616226
2012-06-21 20:00:00,400.34806404832
2012-06-21 21:00:00,376.1374122906291
2012-06-21 22:00:00,351.0567562427028
2012-06-21 23:00:00,349.4385090887334
2012-06-22 00:00:00,61.620912978701085
2012-06-22 01:00:00,56.6098360573794
2012-06-22 02:00:00,55.2525240709559
2012-06-22 03:00:00,72.53321379941153
2012-06-22 04:00:00,142.57155766948435
2012-06-22 05:00:00,156.34252803469886
2012-06-22 06:00:00,168.96075260508812
2012-06-22 07:00:00,192.49619841281003
2012-06-22 08:00:00,216.6435792438607
2012-06-22 09:00:00,230.66149575300955
2012-06-22 10:00:00,274.6058438250294
2012-06-22 11:00:00,284.8710511925384
2012-06-22 12:00:00,309.14948535135443
2012-06-22 13:00:00,362.13187228194045
2012-06-22 14:00:00,374.17917736681636
2012-06-22 15:00:00,411.8284178706281
2012-06-22 16:00:00,418.18428262167623
2012-06-22 17:00:00,379.3490583285492
2012-06-22 18:00:00,357.2259790560347
2012-06-22 19:00:00,355.0497695552215
2012-06-22 20:00:00,362.8778365771966
2012-06-22 21:00:00,250.48780140106885
2012-06-22 22:00:00,274.836157504585
2012-06-22 23:00:00,260.17253787860056
2012-06-23 00:00:00,0.0
2012-06-23 01:00:00,40.31859175106135
2012-06-23 02:00:00,59.46382059958586
2012-06-23 03:00:00,73.61073130526282
2012-06-23 04:00:00,88.45607741302062
2012-06-23 05:00:00,102.05001072633029
2012-06-23 06:00:00,86.08361367647693
2012-06-23 07:00:00,102.75760551310985
2012-06-23 08:00:00,173.45372553296366
2012-06-23 09:00:00,217.30447061702444
2012-06-23 10:00:00,251.74827761988564
2012-06-23 11:00:00,287.91939737158145
2012-06-23 12:00:00,326.57671576956056
2012-06-23 13:00:00,364.77230285840085
2012-06-23 14:00:00,362.4408240661958
2012-06-23 15:00:00,410.8387357027323
2012-06-23 16:00:00,423.09088649629405
2012-06-23 17:00:00,420.21462955016534
2012-06-23 18:00:00,431.4827313341601
2012-06-23 19:00:00,412.12461588537053
2012-06-23 20:00:00,396.3904538969052
2012-06-23 21:00:00,375.5147859652776
2012-06-23 22:00:00,352.1681588470492
2012-06-23 23:00:00,309.43566042973885
2012-06-24 00:00:00,100.98915452044068
2012-06-24 01:00:00,126.67800623899622
2012-06-24 02:00:00,147.7833510964949
2012-06-24 03:00:00,124.48127510646773
2012-06-24 04:00:00,135.37485668275454
2012-06-24 05:00:00,114.54611889681208
2012-06-24 06:00:00,143.84975968837503
2012-06-24 07:00:00,140.0895037322685
2012-06-24 08:00:00,190.79975042124929
2012-06-24 09:00:00,227.46155907361637
2012-06-24 10:00:00,278.8906726148124
2012-06-24 11:00:00,304.0491827628896
2012-06-24 12:00:00,353.9304458517299
2012-06-24 13:00:00,368.8086815011874
2012-06-24 14:00:00,404.835206168564
2012-06-24 15:00:00,420.9925877004671
2012-06-24 16:00:00,417.9018503608088
2012-06-24 17:00:00,419.9438233807915
2012-06-24 18:00:00,415.4552855142143
2012-06-24 19:00:00,405.6927194015232
2012-06-24 20:00:00,373.3398482836851
2012-06-24 21:00:00,341.8753126207241
2012-06-24 22:00:00,315.9671705220029
2012-06-24 23:00:00,308.5811000752
2012-06-25 00:00:00,56.79215354548259
2012-06-25 01:00:00,67.98090388033573
2012-06-25 02:00:00,76.28442053822761
2012-06-25 03:00:00,93.51346281888439
2012-06-25 04:00:00,89.34791814137881
2012-06-25 05:00:00,110.79721078269515
2012-06-25 06:00:00,113.5827098687156
2012-06-25 07:00:00,140.7404272991502
2012-06-25 08:00:00,161.94291307754182
2012-06-25 09:00:00,188.90791151253455
2012-06-25 10:00:00,229.77992752130282
2012-06-25 11:00:00,282.23249453980463
2012-06-25 12:00:00,283.818423227823
2012-06-25 13:00:00,269.19908632721706
2012-06-25 14:00:00,304.28043026359944
2012-06-25 15:00:00,331.4792706855735
2012-06-25 16:00:00,355.7615088224402
2012-06-25 17:00:00,376.9569121300549
2012-06-25 18:00:00,368.43102840646156
2012-06-25 19:00:00,369.0332441121485
2012-06-25 20:00:00,365.15482982171545
2012-06-25 21:00:00,345.6596660496733
2012-06-25 22:00:00,351.2041184198467
2012-06-25 23:00:00,337.41598677957177
2012-06-26 00:00:00,100.38035208138965
2012-06-26 01:00:00,111.94736004626999
2012-06-26 02:00:00,110.09156762325031
2012-06-26 03:00:00,119.73522082549215
2012-06-26 04:00:00,134.3948631359196
2012-06-26 05:00:00,139.26790254757285
2012-06-26 06:00:00,146.5452600761273
2012-06-26 07:00:00,159.09522093509298
2012-06-26 08:00:00,183.84547968849526
2012-06-26 09:00:00,205.49487923925722
2012-06-26 10:00:00,239.67411597913093
2012-06-26 11:00:00,263.83554879543163
2012-06-26 12:00:00,282.121128954131
2012-06-26 13:00:00,309.1888421854165
2012-06-26 14:00:00,319.5619783553856
2012-06-26 15:00:00,339.0010442452259
2012-06-26 16:00:00,349.7012126849547
2012-06-26 17:00:00,354.5428336730177
2012-06-26 18:00:00,358.2147985442251
2012-06-26 19:00:00,352.3650750162999
2012-06-26 20:00:00,352.6021475706955
2012-06-26 21:00:00,335.4619791271563
2012-06-26 22:00:00,337.55585379811225
2012-06-26 23:00:00,302.6938732908492
2012-06-27 00:00:00,90.88104033828293
2012-06-27 01:00:00,103.12556344970237
2012-06-27 02:00:00,99.59363387578122
2012-06-27 03:00:00,121.42762891422527
2012-06-27 04:00:00,158.75664593163646
2012-06-27 05:00:00,168.7780228750601
2012-06-27 06:00:00,168.52497613064685
2012-06-27 07:00:00,198.01353803830355
2012-06-27 08:00:00,214.11126864757972
2012-06-27 09:00:00,237.19294408422445
2012-06-27 10:00:00,261.8825442808595
2012-06-27 11:00:00,298.4055528036155
2012-06-27 12:00:00,316.3736691365045
2012-06-27 13:00:00,345.07940302788177
2012-06-27 14:00:00,360.41961609169874
2012-06-27 15:00:00,374.3770846307792
2012-06-27 16:00:00,392.0151106053081
2012-06-27 17:00:00,398.30995733855417
2012-06-27 18:00:00,392.38130992060735
2012-06-27 19:00:00,388.18983191243797
2012-06-27 20:00:00,368.806167522074
2012-06-27 21:00:00,350.1778093812592
2012-06-27 22:00:00,334.56613035286085
2012-06-27 23:00:00,315.39265155801286
2012-06-28 00:00:00,77.13360833757267
2012-06-28 01:00:00,82.70360143726182
2012-06-28 02:00:00,111.65951549128624
2012-06-28 03:00:00,127.98971052822051
2012-06-28 04:00:00,115.95283965910905
2012-06-28 05:00:00,139.35197568080113
2012-06-28 06:00:00,153.19187528163155
2012-06-28 07:00:00,157.40408909484825
2012-06-28 08:00:00,201.48265321257273
2012-06-28 09:00:00,216.8947825688209
2012-06-28 10:00:00,251.79290387351637
2012-06-28 11:00:00,312.82574051674567
2012-06-28 12:00:00,350.4358545772716
2012-06-28 13:00:00,367.40374300442306
2012-06-28 14:00:00,385.3983324246508
2012-06-28 15:00:00,396.4079970184883
2012-06-28 16:00:00,406.354424222179
2012-06-28 17:00:00,417.3098570344189
2012-06-28 18:00:00,415.18387136817535
2012-06-28 19:00:00,415.65190796831314
2012-06-28 20:00:00,398.18268626373447
2012-06-28 21:00:00,338.9402746483535
2012-06-28 22:00:00,345.5153885220949
2012-06-28 23:00:00,340.76744073304917
2012-06-29 00:00:00,93.05812046156797
2012-06-29 01:00:00,106.19386824466069
2012-06-29 02:00:00,107.37746385845823
2012-06-29 03:00:00,125.23850391142658
2012-06-29 04:00:00,121.76007587837732
2012-06-29 05:00:00,144.25655936210765
2012-06-29 06:00:00,173.86612119126167
2012-06-29 07:00:00,173.29357686891723
2012-06-29 08:00:00,222.33481319919832
2012-06-29 09:00:00,232.23453398734497
2012-06-29 10:00:00,333.91090873548
2012-06-29 11:00:00,344.8954251419783
2012-06-29 12:00:00,371.60285541194435
2012-06-29 13:00:00,387.62029388282224
2012-06-29 14:00:00,417.811815654821
2012-06-29 15:00:00,403.4956210527255
2012-06-29 16:00:00,414.16449795866816
2012-06-29 17:00:00,462.9090041975478
2012-06-29 18:00:00,434.74420114067675
2012-06-29 19:00:00,423.0354593976263
2012-06-29 20:00:00,458.58033602831455
2012-06-29 21:00:00,412.95631406661397
2012-06-29 22:00:00,332.06376329000676
2012-06-29 23:00:00,336.10331177702045
2012-06-30 00:00:00,0.0
2012-06-30 01:00:00,2.6565403207968075
2012-06-30 02:00:00,40.99192675370668
2012-06-30 03:00:00,54.838133925771274
2012-06-30 04:00:00,48.917882991114595
2012-06-30 05:00:00,61.11945527064793
2012-06-30 06:00:00,73.52695358465553
2012-06-30 07:00:00,85.19616825181649
2012-06-30 08:00:00,96.12709927213076
2012-06-30 09:00:00,106.3197466455984
2012-06-30 10:00:00,370.6542352503358
2012-06-30 11:00:00,382.9797066035437
2012-06-30 12:00:00,394.56689430990514
2012-06-30 13:00:00,405.4157983694198
2012-06-30 14:00:00,415.52641878208783
2012-06-30 15:00:00,424.8987555479092
2012-06-30 16:00:00,434.4792750261879
2012-06-30 17:00:00,420.8978178821558
2012-06-30 18:00:00,401.3778537001143
2012-06-30 19:00:00,402.29249653268835
2012-06-30 20:00:00,371.3347809402045
2012-06-30 21:00:00,375.3761476492805
2012-06-30 22:00:00,330.72882833644746
2012-06-30 23:00:00,319.9673410812328
2012-07-20 00:00:00,0.0
2012-07-20 01:00:00,11.622100259416584
2012-07-20 02:00:00,49.7420300048332
2012-07-20 03:00:00,66.53040275602847
2012-07-20 04:00:00,82.65339246556404
2012-07-20 05:00:00,98.244201104888
2012-07-20 06:00:00,113.27284893022653
2012-07-20 07:00:00,127.69482086289115
2012-07-20 08:00:00,161.5901323901949
2012-07-20 09:00:00,189.1345791397661
2012-07-20 10:00:00,202.81706834749258
2012-07-20 11:00:00,188.19752965429336
2012-07-20 12:00:00,163.11323301271207
2012-07-20 13:00:00,171.1985196887208
2012-07-20 14:00:00,186.30056912759363
2012-07-20 15:00:00,250.45436935893812
2012-07-20 16:00:00,253.82369614692
2012-07-20 17:00:00,238.55885478142176
2012-07-20 18:00:00,270.8413816126864
2012-07-20 19:00:00,254.2884170565514
2012-07-20 20:00:00,199.1440201963632
2012-07-20 21:00:00,197.65219696664923
2012-07-20 22:00:00,255.3736690969718
2012-07-20 23:00:00,264.9192451284713
2012-07-21 00:00:00,3.0708911117826574
2012-07-21 01:00:00,48.41707251488347
2012-07-21 02:00:00,14.688583788397352
2012-07-21 03:00:00,30.368167636774558
2012-07-21 04:00:00,39.08975403451785
2012-07-21 05:00:00,52.83394516004131
2012-07-21 06:00:00,64.32034108331504
2012-07-21 07:00:00,110.07937432755162
2012-07-21 08:00:00,134.66673106282315
2012-07-21 09:00:00,143.63033267703673
2012-07-21 10:00:00,102.88308830794332
2012-07-21 11:00:00,170.1022032585779
2012-07-21 12:00:00,137.94788444802774
2012-07-21 13:00:00,143.24623686076393
2012-07-21 14:00:00,177.23046510605408
2012-07-21 15:00:00,138.91505695339202
2012-07-21 16:00:00,141.48408916001256
2012-07-21 17:00:00,143.34167382013783
2012-07-21 18:00:00,192.91353548205763
2012-07-21 19:00:00,193.04065090897092
2012-07-21 20:00:00,147.91929927703538
2012-07-21 21:00:00,196.24058524320517
2012-07-21 22:00:00,189.59795603602572
2012-07-21 23:00:00,173.9565833379608
2012-07-22 00:00:00,8.637777437529252
2012-07-22 01:00:00,24.467561433204622
2012-07-22 02:00:00,39.532007631183774
2012-07-22 03:00:00,53.87169725774106
2012-07-22 04:00:00,33.03460418406232
2012-07-22 05:00:00,45.15472492638864
2012-07-22 06:00:00,112.96220308445763
2012-07-22 07:00:00,119.59168528443823
2012-07-22 08:00:00,149.57592802240723
2012-07-22 09:00:00,192.533630402598
2012-07-22 10:00:00,188.46938077571278
2012-07-22 11:00:00,197.2876270476414
2012-07-22 12:00:00,239.41275546960742
2012-07-22 13:00:00,260.2175759121458
2012-07-22 14:00:00,255.8846752688827
2012-07-22 15:00:00,263.06009696091553
2012-07-22 16:00:00,277.9838048779952
2012-07-22 17:00:00,299.64317995264184
2012-07-22 18:00:00,297.7576239953203
2012-07-22 19:00:00,281.3035048311053
2012-07-22 20:00:00,263.65878953598866
2012-07-22 21:00:00,241.8040405298639
2012-07-22 22:00:00,273.1907172060346
2012-07-22 23:00:00,240.66258378632722
2012-07-23 00:00:00,3.977092809649747
2012-07-23 01:00:00,23.86800019815115
2012-07-23 02:00:00,54.17675571206652
2012-07-23 03:00:00,70.28907921867898
2012-07-23 04:00:00,86.01899448466574
2012-07-23 05:00:00,100.90747016979932
2012-07-23 06:00:00,127.37978366904751
2012-07-23 07:00:00,132.6168815642413
2012-07-23 08:00:00,158.80701435052737
2012-07-23 09:00:00,208.06505655226823
2012-07-23 10:00:00,241.90053383786886
2012-07-23 11:00:00,283.58172151469165
2012-07-23 12:00:00,295.54465369795275
2012-07-23 13:00:00,303.01775595438113
2012-07-23 14:00:00,302.2506891527504
2012-07-23 15:00:00,312.68051191713863
2012-07-23 16:00:00,326.9140095951916
2012-07-23 17:00:00,335.23477435011756
2012-07-23 18:00:00,347.43645768737247
2012-07-23 19:00:00,354.69622779613724
2012-07-23 20:00:00,316.877162526583
2012-07-23 21:00:00,325.5591635324128
2012-07-23 22:00:00,319.3215971908469
2012-07-23 23:00:00,305.7933123447018
2012-07-24 00:00:00,39.551878812107105
2012-07-24 01:00:00,45.818565832180326
2012-07-24 02:00:00,52.32330965843164
2012-07-24 03:00:00,68.9593979664475
2012-07-24 04:00:00,81.5843728057564
2012-07-24 05:00:00,97.1625861971126
2012-07-24 06:00:00,112.94215712175463
2012-07-24 07:00:00,156.4899240288147
2012-07-24 08:00:00,188.09265547493985
2012-07-24 09:00:00,245.2817451502858
2012-07-24 10:00:00,272.2773915674773
2012-07-24 11:00:00,304.9736339729827
2012-07-24 12:00:00,305.2892613963719
2012-07-24 13:00:00,331.11764615643733
2012-07-24 14:00:00,340.19664737494907
2012-07-24 15:00:00,346.49146081404166
2012-07-24 16:00:00,337.99845587858783
2012-07-24 17:00:00,353.0349624215729
2012-07-24 18:00:00,327.3772344671104
2012-07-24 19:00:00,316.9834285964098
2012-07-24 20:00:00,307.2248595737238
2012-07-24 21:00:00,319.5342816038044
2012-07-24 22:00:00,327.43039798379164
2012-07-24 23:00:00,352.8805225186959
2012-07-25 00:00:00,76.33831049248525
2012-07-25 01:00:00,93.31930119415142
2012-07-25 02:00:00,103.01293480523086
2012-07-25 03:00:00,109.08819899347813
2012-07-25 04:00:00,122.40164682391793
2012-07-25 05:00:00,135.89164363101156
2012-07-25 06:00:00,151.5650517185017
2012-07-25 07:00:00,203.98951132112066
2012-07-25 08:00:00,238.94859515876203
2012-07-25 09:00:00,268.67336120238576
2012-07-25 10:00:00,261.9799785184771
2012-07-25 11:00:00,285.7004009830631
2012-07-25 12:00:00,296.01353566323553
2012-07-25 13:00:00,333.7129565786696
2012-07-25 14:00:00,350.86770862436856
2012-07-25 15:00:00,344.575427396175
2012-07-25 16:00:00,372.2872567642187
2012-07-25 17:00:00,354.3147184612678
2012-07-25 18:00:00,387.60373184554624
2012-07-25 19:00:00,367.4646796504994
2012-07-25 20:00:00,355.62335222239085
2012-07-25 21:00:00,341.4324325066009
2012-07-25 22:00:00,313.9963330520192
2012-07-25 23:00:00,332.0560365295494
2012-07-26 00:00:00,54.64015937240234
2012-07-26 01:00:00,73.55317235664033
2012-07-26 02:00:00,82.90584318457687
2012-07-26 03:00:00,100.095144321467
2012-07-26 04:00:00,104.63055912024458
2012-07-26 05:00:00,120.37239880918425
2012-07-26 06:00:00,126.76734242929216
2012-07-26 07:00:00,161.68901945134246
2012-07-26 08:00:00,189.25968049939786
2012-07-26 09:00:00,213.6612736845418
2012-07-26 10:00:00,220.69383085412704
2012-07-26 11:00:00,267.17123998018104
2012-07-26 12:00:00,315.48777993028284
2012-07-26 13:00:00,344.86660262369696
2012-07-26 14:00:00,383.9831690198245
2012-07-26 15:00:00,418.66494016263164
2012-07-26 16:00:00,448.21357229244853
2012-07-26 17:00:00,433.7538881465672
2012-07-26 18:00:00,459.3968019694002
2012-07-26 19:00:00,447.1916843349293
2012-07-26 20:00:00,416.7005665945212
2012-07-26 21:00:00,421.5620412400617
2012-07-26 22:00:00,428.988276761517
2012-07-26 23:00:00,305.98451517823196
2012-07-27 00:00:00,44.82156512001808
2012-07-27 01:00:00,68.29772276904518
2012-07-27 02:00:00,62.63081579449394
2012-07-27 03:00:00,93.66538537935658
2012-07-27 04:00:00,89.37598551896754
2012-07-27 05:00:00,92.28590271681607
2012-07-27 06:00:00,119.51327284174664
2012-07-27 07:00:00,173.32120158686791
2012-07-27 08:00:00,202.0299514084556
2012-07-27 09:00:00,284.9660819114555
2012-07-27 10:00:00,284.6423544866591
2012-07-27 11:00:00,324.9306189831393
2012-07-27 12:00:00,338.0895524984862
2012-07-27 13:00:00,349.14239426556577
2012-07-27 14:00:00,372.1301159182286
2012-07-27 15:00:00,388.5800672286216
2012-07-27 16:00:00,377.89985845376106
2012-07-27 17:00:00,414.86775742015607
2012-07-27 18:00:00,383.7658041305806
2012-07-27 19:00:00,384.40296137064263
2012-07-27 20:00:00,346.4165118610075
2012-07-27 21:00:00,351.74203414254134
2012-07-27 22:00:00,360.8944321393144
2012-07-27 23:00:00,316.67484651765494
2012-07-28 00:00:00,95.14063786859745
2012-07-28 01:00:00,84.50413390400286
2012-07-28 02:00:00,94.44142806134
2012-07-28 03:00:00,109.73438779599775
2012-07-28 04:00:00,106.81631056806465
2012-07-28 05:00:00,112.74052850483895
2012-07-28 06:00:00,153.4814330330388
2012-07-28 07:00:00,176.52130908933046
2012-07-28 08:00:00,209.16943951575726
2012-07-28 09:00:00,251.32487423420406
2012-07-28 10:00:00,308.41073403253955
2012-07-28 11:00:00,355.22854214694087
2012-07-28 12:00:00,364.0841238238413
2012-07-28 13:00:00,391.74411708633033
2012-07-28 14:00:00,401.4604925681962
2012-07-28 15:00:00,438.34157476202995
2012-07-28 16:00:00,416.2758425789641
2012-07-28 17:00:00,386.50922722117235
2012-07-28 18:00:00,408.7682370297523
2012-07-28 19:00:00,195.2071752795874
2012-07-28 20:00:00,220.08732445748888
2012-07-28 21:00:00,216.6612322987878
2012-07-28 22:00:00,217.44839646607014
2012-07-28 23:00:00,202.90296146709156
2012-07-29 00:00:00,0.0
2012-07-29 01:00:00,27.427097652290655
2012-07-29 02:00:00,73.80399978389119
2012-07-29 03:00:00,108.05068614164489
2012-07-29 04:00:00,116.55905186616756
2012-07-29 05:00:00,98.27129073438257
2012-07-29 06:00:00,130.0407095854266
2012-07-29 07:00:00,165.58323518037838
2012-07-29 08:00:00,200.81012978560574
2012-07-29 09:00:00,233.0307189531345
2012-07-29 10:00:00,223.6257845250032
2012-07-29 11:00:00,285.83287838281376
2012-07-29 12:00:00,304.4944183344233
2012-07-29 13:00:00,342.89000197522773
2012-07-29 14:00:00,354.51388769607433
2012-07-29 15:00:00,364.2153741874007
2012-07-29 16:00:00,371.6992204693257
2012-07-29 17:00:00,397.5432200468747
2012-07-29 18:00:00,407.30259578254015
2012-07-29 19:00:00,340.564968084323
2012-07-29 20:00:00,297.3783387493173
2012-07-29 21:00:00,283.54302453406285
2012-07-29 22:00:00,266.7670856223915
2012-07-29 23:00:00,247.933335963327
2012-07-30 00:00:00,37.915760097393076
2012-07-30 01:00:00,51.769809896679874
2012-07-30 02:00:00,66.54315097574452
2012-07-30 03:00:00,61.825354584468215
2012-07-30 04:00:00,76.63754177315445
2012-07-30 05:00:00,97.74399998394387
2012-07-30 06:00:00,114.89571737210494
2012-07-30 07:00:00,140.03718666735807
2012-07-30 08:00:00,190.36034150682028
2012-07-30 09:00:00,206.94694654749492
2012-07-30 10:00:00,236.34376720170627
2012-07-30 11:00:00,272.6409594823044
2012-07-30 12:00:00,272.72880233149175
2012-07-30 13:00:00,298.7775374998268
2012-07-30 14:00:00,314.7261131717959
2012-07-30 15:00:00,327.32075303136946
2012-07-30 16:00:00,339.3178347361138
2012-07-30 17:00:00,325.2666680872927
2012-07-30 18:00:00,336.3927783137848
2012-07-30 19:00:00,353.663128582165
2012-07-30 20:00:00,295.04070162799565
2012-07-30 21:00:00,295.79128721392067
2012-07-30 22:00:00,307.1274373243374
2012-07-30 23:00:00,286.9084668736489
2012-07-31 00:00:00,26.81909622003326
2012-07-31 01:00:00,34.2983588963574
2012-07-31 02:00:00,51.50368583513014
2012-07-31 03:00:00,66.10833263289139
2012-07-31 04:00:00,81.5843728057564
2012-07-31 05:00:00,100.01672364193925
2012-07-31 06:00:00,97.52509086753608
2012-07-31 07:00:00,135.30706697050067
2012-07-31 08:00:00,157.52013657534036
2012-07-31 09:00:00,191.17814421940378
2012-07-31 10:00:00,201.25613648408188
2012-07-31 11:00:00,237.63130957331975
2012-07-31 12:00:00,280.15899085045027
2012-07-31 13:00:00,305.12803807398484
2012-07-31 14:00:00,316.4132474156203
2012-07-31 15:00:00,284.143931489279
2012-07-31 16:00:00,310.1264994232205
2012-07-31 17:00:00,334.19460625791595
2012-07-31 18:00:00,334.90189041142924
2012-07-31 19:00:00,272.20700490801164
2012-07-31 20:00:00,244.07482533243302
2012-07-31 21:00:00,264.1711495270571
2012-07-31 22:00:00,285.26128868376645
2012-07-31 23:00:00,269.9661351794305
2012-08-20 00:00:00,44.56012705379521
2012-08-20 01:00:00,39.176844158402986
2012-08-20 02:00:00,55.88367468806945
2012-08-20 03:00:00,58.687749923598574
2012-08-20 04:00:00,108.95989896847169
2012-08-20 05:00:00,120.33579081795567
2012-08-20 06:00:00,147.3640908534916
2012-08-20 07:00:00,163.39581682721203
2012-08-20 08:00:00,183.78661566109488
2012-08-20 09:00:00,200.14228132073526
2012-08-20 10:00:00,216.39606300534174
2012-08-20 11:00:00,217.79350865586193
2012-08-20 12:00:00,255.23920211948507
2012-08-20 13:00:00,263.28551821781525
2012-08-20 14:00:00,288.4635959084473
2012-08-20 15:00:00,305.86142651581514
2012-08-20 16:00:00,314.3481540737904
2012-08-20 17:00:00,311.0013255746296
2012-08-20 18:00:00,270.2733651353643
2012-08-20 19:00:00,271.208365875597
2012-08-20 20:00:00,270.5225624395463
2012-08-20 21:00:00,207.93158378508826
2012-08-20 22:00:00,240.54763046335623
2012-08-20 23:00:00,240.9743623267598
2012-08-21 00:00:00,41.60959020164418
2012-08-21 01:00:00,58.63450233339094
2012-08-21 02:00:00,60.40615610091933
2012-08-21 03:00:00,46.88137999185648
2012-08-21 04:00:00,60.83471736541392
2012-08-21 05:00:00,90.84323000659039
2012-08-21 06:00:00,104.74436242618438
2012-08-21 07:00:00,135.29075255662474
2012-08-21 08:00:00,149.59991144954924
2012-08-21 09:00:00,175.81486838998197
2012-08-21 10:00:00,217.5231221087388
2012-08-21 11:00:00,240.49598970259393
2012-08-21 12:00:00,270.92648220503554
2012-08-21 13:00:00,292.97620059944035
2012-08-21 14:00:00,324.87583619714997
2012-08-21 15:00:00,321.37190722989374
2012-08-21 16:00:00,328.8414563844989
2012-08-21 17:00:00,340.2449469383723
2012-08-21 18:00:00,331.4024066256685
2012-08-21 19:00:00,215.09114808388097
2012-08-21 20:00:00,243.9837008825478
2012-08-21 21:00:00,246.50421598346202
2012-08-21 22:00:00,234.95676556725306
2012-08-21 23:00:00,217.9546653827913
2012-08-22 00:00:00,17.178869242473723
2012-08-22 01:00:00,41.80666477131925
2012-08-22 02:00:00,58.26243178730934
2012-08-22 03:00:00,73.97991515645275
2012-08-22 04:00:00,77.88578199749674
2012-08-22 05:00:00,100.14373535537683
2012-08-22 06:00:00,127.72393042697382
2012-08-22 07:00:00,129.4670121645599
2012-08-22 08:00:00,164.46783830950693
2012-08-22 09:00:00,194.03333679251904
2012-08-22 10:00:00,227.9708045581928
2012-08-22 11:00:00,250.85932200000335
2012-08-22 12:00:00,269.2580550737689
2012-08-22 13:00:00,303.78165853208134
2012-08-22 14:00:00,319.73910578925387
2012-08-22 15:00:00,326.2222071962134
2012-08-22 16:00:00,281.2742410257521
2012-08-22 17:00:00,288.39745758846317
2012-08-22 18:00:00,255.37409244762995
2012-08-22 19:00:00,273.9639113955009
2012-08-22 20:00:00,274.3549119871335
2012-08-22 21:00:00,248.84935035624585
2012-08-22 22:00:00,250.78886511416977
2012-08-22 23:00:00,223.732314562201
2012-08-23 00:00:00,23.807208679512172
2012-08-23 01:00:00,27.18386340120074
2012-08-23 02:00:00,43.691414213570425
2012-08-23 03:00:00,64.75091168661554
2012-08-23 04:00:00,74.49166489776977
2012-08-23 05:00:00,88.78436476959948
2012-08-23 06:00:00,116.89627784919898
2012-08-23 07:00:00,145.53570443632424
2012-08-23 08:00:00,186.77600292546003
2012-08-23 09:00:00,211.51458784465933
2012-08-23 10:00:00,247.34180235447772
2012-08-23 11:00:00,284.90171637769754
2012-08-23 12:00:00,310.57185463059363
2012-08-23 13:00:00,347.50199149719595
2012-08-23 14:00:00,341.73510672658847
2012-08-23 15:00:00,342.4837958531276
2012-08-23 16:00:00,343.4766275083251
2012-08-23 17:00:00,364.71341153290996
2012-08-23 18:00:00,358.3337776919252
2012-08-23 19:00:00,336.37496542677513
2012-08-23 20:00:00,313.8925798552424
2012-08-23 21:00:00,322.49825022416394
2012-08-23 22:00:00,332.02220927419046
2012-08-23 23:00:00,296.4772946946055
2012-08-24 00:00:00,67.00945157091304
2012-08-24 01:00:00,73.8849262658438
2012-08-24 02:00:00,81.49611934328851
2012-08-24 03:00:00,85.08590640329533
2012-08-24 04:00:00,123.1859144914439
2012-08-24 05:00:00,101.99922281129969
2012-08-24 06:00:00,125.35275723332695
2012-08-24 07:00:00,153.5113025310375
2012-08-24 08:00:00,180.7970686792719
2012-08-24 09:00:00,241.81757304209447
2012-08-24 10:00:00,283.4329039975772
2012-08-24 11:00:00,302.7573554571634
2012-08-24 12:00:00,319.5750222239999
2012-08-24 13:00:00,352.5745923162109
2012-08-24 14:00:00,341.12012235481006
2012-08-24 15:00:00,347.72486766134443
2012-08-24 16:00:00,356.7081558285364
2012-08-24 17:00:00,358.1656114506136
2012-08-24 18:00:00,339.1612728057553
2012-08-24 19:00:00,348.8847699222496
2012-08-24 20:00:00,337.1392870399063
2012-08-24 21:00:00,345.28191779601286
2012-08-24 22:00:00,329.1697557450644
2012-08-24 23:00:00,318.46323126606546
2012-08-25 00:00:00,114.1260191585264
2012-08-25 01:00:00,105.66234092309092
2012-08-25 02:00:00,107.04739106505646
2012-08-25 03:00:00,112.68418272807254
2012-08-25 04:00:00,150.87534131224868
2012-08-25 05:00:00,150.9585736992109
2012-08-25 06:00:00,148.83416990881676
2012-08-25 07:00:00,162.22582343772655
2012-08-25 08:00:00,194.6615194641136
2012-08-25 09:00:00,226.94948143402294
2012-08-25 10:00:00,256.16657134700284
2012-08-25 11:00:00,284.4856793488283
2012-08-25 12:00:00,270.2781972474989
2012-08-25 13:00:00,333.36550439510677
2012-08-25 14:00:00,234.33507261162612
2012-08-25 15:00:00,260.77139935506113
2012-08-25 16:00:00,271.4211469219666
2012-08-25 17:00:00,279.3621556751685
2012-08-25 18:00:00,304.4295586553808
2012-08-25 19:00:00,264.740329430192
2012-08-25 20:00:00,189.82695404302166
2012-08-25 21:00:00,233.89220928488723
2012-08-25 22:00:00,235.95268203655854
2012-08-25 23:00:00,247.09942726094624
2012-08-26 00:00:00,0.0
2012-08-26 01:00:00,14.37127694771877
2012-08-26 02:00:00,53.67361871635438
2012-08-26 03:00:00,69.29726039270108
2012-08-26 04:00:00,84.30914296017842
2012-08-26 05:00:00,74.77200069589719
2012-08-26 06:00:00,90.61474231522584
2012-08-26 07:00:00,100.54266068890647
2012-08-26 08:00:00,166.46720690684324
2012-08-26 09:00:00,176.83903324772956
2012-08-26 10:00:00,260.33295013474606
2012-08-26 11:00:00,270.9552136560011
2012-08-26 12:00:00,221.69254567552144
2012-08-26 13:00:00,186.19595294649505
2012-08-26 14:00:00,157.0560367864594
2012-08-26 15:00:00,158.01513329854086
2012-08-26 16:00:00,163.36401293138042
2012-08-26 17:00:00,188.67835388960313
2012-08-26 18:00:00,204.5512494149307
2012-08-26 19:00:00,216.02470310646905
2012-08-26 20:00:00,191.79135834045996
2012-08-26 21:00:00,207.71438997182912
2012-08-26 22:00:00,176.16076238055683
2012-08-26 23:00:00,195.36746060986718
2012-08-27 00:00:00,17.19601445148217
2012-08-27 01:00:00,27.68336168141954
2012-08-27 02:00:00,45.87067004774312
2012-08-27 03:00:00,59.81711973990073
2012-08-27 04:00:00,79.86225076099193
2012-08-27 05:00:00,82.58065019066538
2012-08-27 06:00:00,95.55696677562023
2012-08-27 07:00:00,124.95196708566863
2012-08-27 08:00:00,145.2232406101942
2012-08-27 09:00:00,158.37152652918348
2012-08-27 10:00:00,207.278001879484
2012-08-27 11:00:00,243.34306152300584
2012-08-27 12:00:00,246.88728022974857
2012-08-27 13:00:00,285.84642693308876
2012-08-27 14:00:00,314.1241306882633
2012-08-27 15:00:00,336.14640573678935
2012-08-27 16:00:00,342.04170570494273
2012-08-27 17:00:00,360.01131057690293
2012-08-27 18:00:00,352.9942100848258
2012-08-27 19:00:00,310.09497466531104
2012-08-27 20:00:00,312.09155247940294
2012-08-27 21:00:00,304.4653169211049
2012-08-27 22:00:00,277.41824245701014
2012-08-27 23:00:00,275.91521842112695
2012-08-28 00:00:00,26.87649698007226
2012-08-28 01:00:00,31.98789607615052
2012-08-28 02:00:00,64.71650922967464
2012-08-28 03:00:00,61.91159519423775
2012-08-28 04:00:00,91.92991116414737
2012-08-28 05:00:00,128.70068196587653
2012-08-28 06:00:00,130.7585613479359
2012-08-28 07:00:00,157.2851153445875
2012-08-28 08:00:00,167.53960439206432
2012-08-28 09:00:00,202.9073495458224
2012-08-28 10:00:00,245.08167773007915
2012-08-28 11:00:00,284.3869298752587
2012-08-28 12:00:00,316.7608635355902
2012-08-28 13:00:00,345.64840457697994
2012-08-28 14:00:00,373.13580033363934
2012-08-28 15:00:00,382.9565827009545
2012-08-28 16:00:00,394.59818964878934
2012-08-28 17:00:00,397.6389011161034
2012-08-28 18:00:00,380.2105772205874
2012-08-28 19:00:00,352.13348574117947
2012-08-28 20:00:00,338.7361549232645
2012-08-28 21:00:00,340.50637692498833
2012-08-28 22:00:00,308.85201583903137
2012-08-28 23:00:00,296.89377874986513
2012-08-29 00:00:00,48.32862306055529
2012-08-29 01:00:00,69.8008050146677
2012-08-29 02:00:00,75.94934310659303
2012-08-29 03:00:00,91.1366480671373
2012-08-29 04:00:00,109.17174770648012
2012-08-29 05:00:00,123.54316407189604
2012-08-29 06:00:00,137.99165550596743
2012-08-29 07:00:00,168.99851806041644
2012-08-29 08:00:00,199.83960872799366
2012-08-29 09:00:00,244.84876099265233
2012-08-29 10:00:00,266.58791137822755
2012-08-29 11:00:00,265.6921383713898
2012-08-29 12:00:00,297.1625112530894
2012-08-29 13:00:00,297.20004244511307
2012-08-29 14:00:00,328.01630003082596
2012-08-29 15:00:00,348.8626188784695
2012-08-29 16:00:00,354.0622841949902
2012-08-29 17:00:00,383.32125587094663
2012-08-29 18:00:00,358.17606989201187
2012-08-29 19:00:00,331.78928956655403
2012-08-29 20:00:00,294.54875434423303
2012-08-29 21:00:00,313.20211601679944
2012-08-29 22:00:00,298.34311739691617
2012-08-29 23:00:00,293.6808448370658
2012-08-30 00:00:00,45.25393126516383
2012-08-30 01:00:00,71.87651482295745
2012-08-30 02:00:00,67.82731349452253
2012-08-30 03:00:00,83.69429630662827
2012-08-30 04:00:00,98.82299547188741
2012-08-30 05:00:00,113.21341099029988
2012-08-30 06:00:00,109.72474591310917
2012-08-30 07:00:00,143.77494744311352
2012-08-30 08:00:00,178.73554607249713
2012-08-30 09:00:00,215.84362870828727
2012-08-30 10:00:00,241.5494117555225
2012-08-30 11:00:00,301.9471417304725
2012-08-30 12:00:00,307.3244579130386
2012-08-30 13:00:00,308.57658309401
2012-08-30 14:00:00,321.90281716433674
2012-08-30 15:00:00,355.45862267048483
2012-08-30 16:00:00,371.44734514375557
2012-08-30 17:00:00,410.74689384699855
2012-08-30 18:00:00,391.8014689385153
2012-08-30 19:00:00,361.5804628160637
2012-08-30 20:00:00,344.6587173147158
2012-08-30 21:00:00,322.3764726470646
2012-08-30 22:00:00,283.40538477218956
2012-08-30 23:00:00,297.84231309748907
2012-08-31 00:00:00,20.046769283594102
2012-08-31 01:00:00,39.26236798196436
2012-08-31 02:00:00,36.68301389926364
2012-08-31 03:00:00,52.50230102824557
2012-08-31 04:00:00,66.75952161802272
2012-08-31 05:00:00,83.50391697096623
2012-08-31 06:00:00,118.80867970201908
2012-08-31 07:00:00,131.2680541988001
2012-08-31 08:00:00,191.25779761758997
2012-08-31 09:00:00,201.05124723705413
2012-08-31 10:00:00,247.99814382107917
2012-08-31 11:00:00,379.5370539270974
2012-08-31 12:00:00,394.59506809859454
2012-08-31 13:00:00,417.9797001098815
2012-08-31 14:00:00,434.06134328093356
2012-08-31 15:00:00,451.37247236449656
2012-08-31 16:00:00,458.6624479109028
2012-08-31 17:00:00,439.6129813921591
2012-08-31 18:00:00,442.0694709250265
2012-08-31 19:00:00,387.2731819441728
2012-08-31 20:00:00,393.8936760262766
2012-08-31 21:00:00,369.8969872339675
2012-08-31 22:00:00,374.8787907776805
2012-08-31 23:00:00,343.2145997848919
2012-09-20 00:00:00,48.77188638047974
2012-09-20 01:00:00,44.94951951947306
2012-09-20 02:00:00,59.65731004135344
2012-09-20 03:00:00,55.310477958730615
2012-09-20 04:00:00,74.4779520647781
2012-09-20 05:00:00,87.30088611097122
2012-09-20 06:00:00,92.0068515841282
2012-09-20 07:00:00,103.38697392583528
2012-09-20 08:00:00,152.63078225785958
2012-09-20 09:00:00,194.63404436148258
2012-09-20 10:00:00,225.2490360149334
2012-09-20 11:00:00,263.93564478530936
2012-09-20 12:00:00,288.63314139851775
2012-09-20 13:00:00,300.1222196787017
2012-09-20 14:00:00,308.9792983751764
2012-09-20 15:00:00,321.87002581613393
2012-09-20 16:00:00,322.3722546683922
2012-09-20 17:00:00,329.7113899489169
2012-09-20 18:00:00,317.4213877512446
2012-09-20 19:00:00,291.5963999223062
2012-09-20 20:00:00,267.9725417935807
2012-09-20 21:00:00,278.79267759794703
2012-09-20 22:00:00,240.2972379299363
2012-09-20 23:00:00,252.14071671246785
2012-09-21 00:00:00,39.37401067772322
2012-09-21 01:00:00,43.89181925895869
2012-09-21 02:00:00,59.5156119013389
2012-09-21 03:00:00,64.64613039944729
2012-09-21 04:00:00,73.36799439407442
2012-09-21 05:00:00,74.61352689465281
2012-09-21 06:00:00,105.6444025093343
2012-09-21 07:00:00,114.80274407064496
2012-09-21 08:00:00,151.0997863707604
2012-09-21 09:00:00,184.3391417478128
2012-09-21 10:00:00,233.44123177506103
2012-09-21 11:00:00,264.1617995225923
2012-09-21 12:00:00,276.8250568382489
2012-09-21 13:00:00,300.92473795687437
2012-09-21 14:00:00,322.82123704280434
2012-09-21 15:00:00,326.46534636308945
2012-09-21 16:00:00,332.29505368177956
2012-09-21 17:00:00,334.9198812308049
2012-09-21 18:00:00,322.2711705088907
2012-09-21 19:00:00,311.27325641873756
2012-09-21 20:00:00,295.08829445815945
2012-09-21 21:00:00,288.8279869539481
2012-09-21 22:00:00,284.6468768820642
2012-09-21 23:00:00,304.1240548137805
2012-09-22 00:00:00,57.13069623955835
2012-09-22 01:00:00,37.578654821456695
2012-09-22 02:00:00,33.33844873528051
2012-09-22 03:00:00,64.20444664595978
2012-09-22 04:00:00,78.622002431227
2012-09-22 05:00:00,93.71530585137054
2012-09-22 06:00:00,105.8481446646152
2012-09-22 07:00:00,136.48044483523853
2012-09-22 08:00:00,176.13759845206718
2012-09-22 09:00:00,207.11641605855797
2012-09-22 10:00:00,241.7630215374582
2012-09-22 11:00:00,284.3260945114414
2012-09-22 12:00:00,315.1503619401073
2012-09-22 13:00:00,343.43296545258636
2012-09-22 14:00:00,363.3859781703381
2012-09-22 15:00:00,373.0525884031074
2012-09-22 16:00:00,367.5362438002509
2012-09-22 17:00:00,374.87142028086976
2012-09-22 18:00:00,362.20686001604423
2012-09-22 19:00:00,334.69409630373366
2012-09-22 20:00:00,358.5711936272107
2012-09-22 21:00:00,327.8040244444222
2012-09-22 22:00:00,314.9081997370467
2012-09-22 23:00:00,335.145687062287
2012-09-23 00:00:00,223.61942239725653
2012-09-23 01:00:00,167.19638288856316
2012-09-23 02:00:00,190.34423854661918
2012-09-23 03:00:00,172.49034266357495
2012-09-23 04:00:00,180.2372367677017
2012-09-23 05:00:00,182.34325638895916
2012-09-23 06:00:00,178.99219286944196
2012-09-23 07:00:00,205.0320864229599
2012-09-23 08:00:00,233.70026194885418
2012-09-23 09:00:00,262.90623788528706
2012-09-23 10:00:00,304.36557801159836
2012-09-23 11:00:00,320.18394799148837
2012-09-23 12:00:00,328.19057475745615
2012-09-23 13:00:00,387.39678350798124
2012-09-23 14:00:00,397.0807509248777
2012-09-23 15:00:00,418.57783963899647
2012-09-23 16:00:00,431.13475731182433
2012-09-23 17:00:00,390.77609887979634
2012-09-23 18:00:00,371.6756346184467
2012-09-23 19:00:00,348.44005887900175
2012-09-23 20:00:00,350.1612904914226
2012-09-23 21:00:00,333.91608033115574
2012-09-23 22:00:00,315.10999901676564
2012-09-23 23:00:00,296.55293532640263
2012-09-24 00:00:00,86.22763162814081
2012-09-24 01:00:00,97.73750010546739
2012-09-24 02:00:00,122.61102534380987
2012-09-24 03:00:00,133.35013108271625
2012-09-24 04:00:00,137.17991163876056
2012-09-24 05:00:00,157.96097175862167
2012-09-24 06:00:00,175.58671367346224
2012-09-24 07:00:00,177.7838536396278
2012-09-24 08:00:00,218.35382078689764
2012-09-24 09:00:00,239.36596107742648
2012-09-24 10:00:00,260.7394768929234
2012-09-24 11:00:00,293.8665148161496
2012-09-24 12:00:00,308.3677200122805
2012-09-24 13:00:00,349.2597528416917
2012-09-24 14:00:00,342.27882186607997
2012-09-24 15:00:00,348.1165683498789
2012-09-24 16:00:00,353.92312540380954
2012-09-24 17:00:00,340.0873744067311
2012-09-24 18:00:00,333.6595770360004
2012-09-24 19:00:00,323.78392684561845
2012-09-24 20:00:00,304.96889808404103
2012-09-24 21:00:00,302.48751234741917
2012-09-24 22:00:00,311.5296458651214
2012-09-24 23:00:00,267.52017585540614
2012-09-25 00:00:00,81.02212678769786
2012-09-25 01:00:00,85.95450871703918
2012-09-25 02:00:00,88.72731321317109
2012-09-25 03:00:00,113.54894950044974
2012-09-25 04:00:00,126.6219514563598
2012-09-25 05:00:00,128.62684402363593
2012-09-25 06:00:00,144.8991624981757
2012-09-25 07:00:00,156.97882967734466
2012-09-25 08:00:00,195.96883593439338
2012-09-25 09:00:00,243.1694022986575
2012-09-25 10:00:00,267.3359368422573
2012-09-25 11:00:00,312.2181894653364
2012-09-25 12:00:00,332.3829415598046
2012-09-25 13:00:00,339.80069992764936
2012-09-25 14:00:00,369.3860250272695
2012-09-25 15:00:00,383.7015528140223
2012-09-25 16:00:00,386.5994330635113
2012-09-25 17:00:00,393.7701818861806
2012-09-25 18:00:00,388.8466114323699
2012-09-25 19:00:00,376.4114136440776
2012-09-25 20:00:00,368.63569900894913
2012-09-25 21:00:00,373.11638576768235
2012-09-25 22:00:00,375.8142098315238
2012-09-25 23:00:00,381.97372704664406
2012-09-26 00:00:00,102.33173793397754
2012-09-26 01:00:00,119.34503431351953
2012-09-26 02:00:00,134.63372030960875
2012-09-26 03:00:00,151.93011422071447
2012-09-26 04:00:00,151.96076730840375
2012-09-26 05:00:00,167.75470588582215
2012-09-26 06:00:00,177.12208872433942
2012-09-26 07:00:00,181.94048301697632
2012-09-26 08:00:00,208.11766951665885
2012-09-26 09:00:00,256.9460883686655
2012-09-26 10:00:00,250.0117576430608
2012-09-26 11:00:00,298.42927258360413
2012-09-26 12:00:00,320.4296899538748
2012-09-26 13:00:00,344.51022148951984
2012-09-26 14:00:00,388.81556172178
2012-09-26 15:00:00,399.6698418471253
2012-09-26 16:00:00,414.27474096596893
2012-09-26 17:00:00,418.252520838926
2012-09-26 18:00:00,421.95541330011713
2012-09-26 19:00:00,398.3272010006185
2012-09-26 20:00:00,359.09021582137166
2012-09-26 21:00:00,371.4716041429191
2012-09-26 22:00:00,290.36537912409085
2012-09-26 23:00:00,331.227095928054
2012-09-27 00:00:00,86.94281865379291
2012-09-27 01:00:00,105.0163399781697
2012-09-27 02:00:00,122.35157765569977
2012-09-27 03:00:00,137.44206738867788
2012-09-27 04:00:00,108.80973723996323
2012-09-27 05:00:00,149.87609739237274
2012-09-27 06:00:00,150.23296000584165
2012-09-27 07:00:00,194.42076832165517
2012-09-27 08:00:00,233.92897579812805
2012-09-27 09:00:00,264.3920478977348
2012-09-27 10:00:00,320.1994433322381
2012-09-27 11:00:00,342.0695986401238
2012-09-27 12:00:00,363.50423579026995
2012-09-27 13:00:00,369.83361884784284
2012-09-27 14:00:00,396.99966993503256
2012-09-27 15:00:00,401.9184325580684
2012-09-27 16:00:00,384.22420951995707
2012-09-27 17:00:00,347.4541723224845
2012-09-27 18:00:00,353.89176582624316
2012-09-27 19:00:00,362.06828914124327
2012-09-27 20:00:00,356.9312735071908
2012-09-27 21:00:00,258.02510197784113
2012-09-27 22:00:00,260.8973497716365
2012-09-27 23:00:00,261.512514483223
2012-09-28 00:00:00,26.591161775675147
2012-09-28 01:00:00,57.24339201109794
2012-09-28 02:00:00,45.98482823816974
2012-09-28 03:00:00,129.60745422793144
2012-09-28 04:00:00,88.48040911193462
2012-09-28 05:00:00,132.79535830904481
2012-09-28 06:00:00,144.01193248034804
2012-09-28 07:00:00,157.6503934055008
2012-09-28 08:00:00,198.0226948174536
2012-09-28 09:00:00,222.80418306901547
2012-09-28 10:00:00,251.50207817033098
2012-09-28 11:00:00,288.00477065542634
2012-09-28 12:00:00,345.5957118322575
2012-09-28 13:00:00,362.85425771470466
2012-09-28 14:00:00,368.2529706983363
2012-09-28 15:00:00,369.92004822605236
2012-09-28 16:00:00,377.4097152732094
2012-09-28 17:00:00,378.98990875031893
2012-09-28 18:00:00,387.216912672772
2012-09-28 19:00:00,329.5122856163462
2012-09-28 20:00:00,322.72138248319357
2012-09-28 21:00:00,326.2542080148754
2012-09-28 22:00:00,364.5002659302638
2012-09-28 23:00:00,349.93547752539985
2012-09-29 00:00:00,135.9144407372402
2012-09-29 01:00:00,152.1285294391032
2012-09-29 02:00:00,176.9972401120561
2012-09-29 03:00:00,180.03341064286568
2012-09-29 04:00:00,191.8625527056516
2012-09-29 05:00:00,187.8475211500095
2012-09-29 06:00:00,200.12431989279315
2012-09-29 07:00:00,194.06221711061252
2012-09-29 08:00:00,209.80673664158456
2012-09-29 09:00:00,230.79336602314726
2012-09-29 10:00:00,275.700539248859
2012-09-29 11:00:00,304.1895069042285
2012-09-29 12:00:00,379.2798384366672
2012-09-29 13:00:00,388.3946272364508
2012-09-29 14:00:00,391.18754459558625
2012-09-29 15:00:00,391.1278604949037
2012-09-29 16:00:00,408.6576464717609
2012-09-29 17:00:00,421.49796255486723
2012-09-29 18:00:00,357.23720974299397
2012-09-29 19:00:00,314.109885766934
2012-09-29 20:00:00,318.61443301551293
2012-09-29 21:00:00,313.2350238941485
2012-09-29 22:00:00,278.5028122283235
2012-09-29 23:00:00,285.19768658805657
2012-09-30 00:00:00,125.4353630117412
2012-09-30 01:00:00,140.02491033290045
2012-09-30 02:00:00,137.2234031318167
2012-09-30 03:00:00,135.7786872494499
2012-09-30 04:00:00,148.15874862928263
2012-09-30 05:00:00,136.20065868338799
2012-09-30 06:00:00,150.3515062721219
2012-09-30 07:00:00,142.41617337494415
2012-09-30 08:00:00,198.76097603514256
2012-09-30 09:00:00,234.57219164509803
2012-09-30 10:00:00,316.42989000964246
2012-09-30 11:00:00,360.15979604708673
2012-09-30 12:00:00,383.3875886961148
2012-09-30 13:00:00,390.79310352825314
2012-09-30 14:00:00,399.0736071448851
2012-09-30 15:00:00,425.46778405602606
2012-09-30 16:00:00,430.3760672027038
2012-09-30 17:00:00,436.5376469451936
2012-09-30 18:00:00,319.4315892769174
2012-09-30 19:00:00,221.11877625896102
2012-09-30 20:00:00,221.43113608195068
2012-09-30 21:00:00,253.38860013093776
2012-09-30 22:00:00,230.65898979464484
2012-09-30 23:00:00,241.5614948022859
2012-10-20 00:00:00,63.242178746078224
2012-10-20 01:00:00,104.83184157659917
2012-10-20 02:00:00,99.65717533070094
2012-10-20 03:00:00,107.05099132021388
2012-10-20 04:00:00,134.2380185126861
2012-10-20 05:00:00,106.06670089010527
2012-10-20 06:00:00,151.17222855349456
2012-10-20 07:00:00,124.8353868118293
2012-10-20 08:00:00,201.78200456378994
2012-10-20 09:00:00,247.13634170358483
2012-10-20 10:00:00,281.8534274966686
2012-10-20 11:00:00,303.7317993035194
2012-10-20 12:00:00,328.51297479775144
2012-10-20 13:00:00,347.53134979096467
2012-10-20 14:00:00,346.0891549885577
2012-10-20 15:00:00,343.9931156995243
2012-10-20 16:00:00,366.28790218132144
2012-10-20 17:00:00,378.900241633855
2012-10-20 18:00:00,367.17324432814775
2012-10-20 19:00:00,336.1526952697934
2012-10-20 20:00:00,360.83235281740895
2012-10-20 21:00:00,320.22983139527116
2012-10-20 22:00:00,285.468082366408
2012-10-20 23:00:00,240.24758515665044
2012-10-21 00:00:00,127.43969010336565
2012-10-21 01:00:00,125.1092683424831
2012-10-21 02:00:00,123.18920966841003
2012-10-21 03:00:00,118.40965104651009
2012-10-21 04:00:00,106.32396289600027
2012-10-21 05:00:00,140.89495173473506
2012-10-21 06:00:00,164.37115628781282
2012-10-21 07:00:00,173.512505285532
2012-10-21 08:00:00,176.7143110990494
2012-10-21 09:00:00,241.7449487827585
2012-10-21 10:00:00,290.1481296581197
2012-10-21 11:00:00,319.31452572158383
2012-10-21 12:00:00,350.32905959812456
2012-10-21 13:00:00,370.6998809223725
2012-10-21 14:00:00,379.414861388875
2012-10-21 15:00:00,393.5473939670072
2012-10-21 16:00:00,377.97519234530057
2012-10-21 17:00:00,369.0423910306635
2012-10-21 18:00:00,368.1428161885411
2012-10-21 19:00:00,349.4235371386485
2012-10-21 20:00:00,337.74331018108137
2012-10-21 21:00:00,275.90692027222315
2012-10-21 22:00:00,253.6034916229337
2012-10-21 23:00:00,263.0338619791259
2012-10-22 00:00:00,87.00810105592674
2012-10-22 01:00:00,87.35783088486829
2012-10-22 02:00:00,98.01117139501054
2012-10-22 03:00:00,128.73866243299292
2012-10-22 04:00:00,131.05464537143104
2012-10-22 05:00:00,128.56771842773253
2012-10-22 06:00:00,133.96262852142038
2012-10-22 07:00:00,166.348540565978
2012-10-22 08:00:00,185.5745471605976
2012-10-22 09:00:00,211.07152126899712
2012-10-22 10:00:00,239.2432504466711
2012-10-22 11:00:00,303.22892623786726
2012-10-22 12:00:00,311.6337542305729
2012-10-22 13:00:00,363.53934247017753
2012-10-22 14:00:00,374.1292116479344
2012-10-22 15:00:00,385.6722461624598
2012-10-22 16:00:00,382.74505459698946
2012-10-22 17:00:00,384.5491058995344
2012-10-22 18:00:00,298.8874746979876
2012-10-22 19:00:00,313.6511826112863
2012-10-22 20:00:00,297.01827559879337
2012-10-22 21:00:00,275.77337875717905
2012-10-22 22:00:00,247.32671475228472
2012-10-22 23:00:00,243.9535754397197
2012-10-23 00:00:00,47.53666155586254
2012-10-23 01:00:00,84.96051276597106
2012-10-23 02:00:00,76.82383657222049
2012-10-23 03:00:00,112.10794936808098
2012-10-23 04:00:00,121.7514789190641
2012-10-23 05:00:00,138.66760260203162
2012-10-23 06:00:00,132.53738021297357
2012-10-23 07:00:00,171.2416801190633
2012-10-23 08:00:00,195.11601127849087
2012-10-23 09:00:00,216.2635966533623
2012-10-23 10:00:00,246.5071060352251
2012-10-23 11:00:00,297.5193977052096
2012-10-23 12:00:00,330.83678278599973
2012-10-23 13:00:00,343.89514211747235
2012-10-23 14:00:00,379.4089375652726
2012-10-23 15:00:00,392.1662022744279
2012-10-23 16:00:00,385.5204776736312
2012-10-23 17:00:00,388.19753869171666
2012-10-23 18:00:00,364.6909335789285
2012-10-23 19:00:00,362.7382762975426
2012-10-23 20:00:00,330.83397210716873
2012-10-23 21:00:00,301.9385301027751
2012-10-23 22:00:00,316.5540447735934
2012-10-23 23:00:00,299.3114662826458
2012-10-24 00:00:00,90.54304180512632
2012-10-24 01:00:00,116.89429337006632
2012-10-24 02:00:00,132.92656885191934
2012-10-24 03:00:00,123.56151723795978
2012-10-24 04:00:00,138.12339697652908
2012-10-24 05:00:00,139.39730166221244
2012-10-24 06:00:00,150.4050781170692
2012-10-24 07:00:00,155.09314581056043
2012-10-24 08:00:00,191.64433151247442
2012-10-24 09:00:00,213.64496001529648
2012-10-24 10:00:00,235.34927203026814
2012-10-24 11:00:00,264.72371712165443
2012-10-24 12:00:00,305.71695576232196
2012-10-24 13:00:00,333.31505469642116
2012-10-24 14:00:00,429.7863603313782
2012-10-24 15:00:00,400.64116567259873
2012-10-24 16:00:00,436.01156048293853
2012-10-24 17:00:00,377.15015931903145
2012-10-24 18:00:00,388.4399477583614
2012-10-24 19:00:00,384.38065710093434
2012-10-24 20:00:00,366.9683620138451
2012-10-24 21:00:00,371.9882216542127
2012-10-24 22:00:00,366.7548848080611
2012-10-24 23:00:00,337.61048393275746
2012-10-25 00:00:00,126.42576393857155
2012-10-25 01:00:00,125.71483804046322
2012-10-25 02:00:00,114.7422082408072
2012-10-25 03:00:00,110.74365899760016
2012-10-25 04:00:00,127.14230958579104
2012-10-25 05:00:00,139.76187901564595
2012-10-25 06:00:00,152.7793586705085
2012-10-25 07:00:00,166.30043602871268
2012-10-25 08:00:00,189.48087374968011
2012-10-25 09:00:00,200.7865690432729
2012-10-25 10:00:00,218.859476414009
2012-10-25 11:00:00,229.12531293403612
2012-10-25 12:00:00,254.9536195159013
2012-10-25 13:00:00,260.3652083882214
2012-10-25 14:00:00,299.0174669172382
2012-10-25 15:00:00,332.30635457571407
2012-10-25 16:00:00,325.61216929989064
2012-10-25 17:00:00,332.6547944587471
2012-10-25 18:00:00,279.8699142655181
2012-10-25 19:00:00,283.3078373944751
2012-10-25 20:00:00,272.1099448131484
2012-10-25 21:00:00,274.9575264512666
2012-10-25 22:00:00,292.71313597634514
2012-10-25 23:00:00,297.5112561708429
2012-10-26 00:00:00,88.53302922726778
2012-10-26 01:00:00,76.43634303859871
2012-10-26 02:00:00,92.61564986343295
2012-10-26 03:00:00,106.1603946826572
2012-10-26 04:00:00,121.88512663711465
2012-10-26 05:00:00,138.77727173410722
2012-10-26 06:00:00,152.95118036936503
2012-10-26 07:00:00,165.86026808032344
2012-10-26 08:00:00,183.8399315673703
2012-10-26 09:00:00,195.96140481126565
2012-10-26 10:00:00,207.32126806424696
2012-10-26 11:00:00,245.1275901208935
2012-10-26 12:00:00,272.6142026491918
2012-10-26 13:00:00,291.7358563404699
2012-10-26 14:00:00,325.55252962788745
2012-10-26 15:00:00,344.055083159212
2012-10-26 16:00:00,307.46994494621447
2012-10-26 17:00:00,300.7488759939551
2012-10-26 18:00:00,300.6290999098958
2012-10-26 19:00:00,288.09794742789256
2012-10-26 20:00:00,292.2595617116705
2012-10-26 21:00:00,305.8999465218038
2012-10-26 22:00:00,286.9394203164937
2012-10-26 23:00:00,283.5419480361991
2012-10-27 00:00:00,57.33052728011211
2012-10-27 01:00:00,84.31073383487595
2012-10-27 02:00:00,97.02569125894729
2012-10-27 03:00:00,101.9538837910122
2012-10-27 04:00:00,126.17034567720557
2012-10-27 05:00:00,153.46519657527352
2012-10-27 06:00:00,165.75145929832922
2012-10-27 07:00:00,158.7754348907153
2012-10-27 08:00:00,194.30388014577662
2012-10-27 09:00:00,204.5528406454874
2012-10-27 10:00:00,242.06589075116116
2012-10-27 11:00:00,284.048871935278
2012-10-27 12:00:00,353.43396807670774
2012-10-27 13:00:00,387.825341548015
2012-10-27 14:00:00,388.551483873106
2012-10-27 15:00:00,326.17660911737767
2012-10-27 16:00:00,322.9270148200798
2012-10-27 17:00:00,328.3415686072267
2012-10-27 18:00:00,333.017838747527
2012-10-27 19:00:00,294.4111858748521
2012-10-27 20:00:00,296.7721593761173
2012-10-27 21:00:00,298.39484923053584
2012-10-27 22:00:00,301.08654256098214
2012-10-27 23:00:00,317.28870429648873
2012-10-28 00:00:00,79.1364084833874
2012-10-28 01:00:00,112.35981605336295
2012-10-28 02:00:00,137.25235930344547
2012-10-28 03:00:00,162.80271904257964
2012-10-28 04:00:00,175.4733660793586
2012-10-28 05:00:00,192.9768091487773
2012-10-28 06:00:00,214.17852488700072
2012-10-28 07:00:00,227.87699768482491
2012-10-28 08:00:00,223.5202245389804
2012-10-28 09:00:00,254.72068549989626
2012-10-28 10:00:00,265.8981886284376
2012-10-28 11:00:00,285.93769036548895
2012-10-28 12:00:00,262.36445582093774
2012-10-28 13:00:00,274.18268765855635
2012-10-28 14:00:00,290.54356105599425
2012-10-28 15:00:00,286.6440523136353
2012-10-28 16:00:00,217.96435717936168
2012-10-28 17:00:00,182.64013909903
2012-10-28 18:00:00,122.83873822059272
2012-10-28 19:00:00,130.8877209649361
2012-10-28 20:00:00,128.24360167089088
2012-10-28 21:00:00,157.45435889524458
2012-10-28 22:00:00,158.34728063681254
2012-10-28 23:00:00,129.84103989851317
2012-10-29 00:00:00,0.0
2012-10-30 13:00:00,97.82108313613153
2012-10-30 14:00:00,102.31539488907818
2012-10-30 15:00:00,105.85435933761906
2012-10-30 16:00:00,108.40466851490444
2012-10-30 17:00:00,111.25605511198671
2012-10-30 18:00:00,116.40545482613561
2012-10-30 19:00:00,295.2990267376845
2012-10-30 20:00:00,188.2177029059701
2012-10-30 21:00:00,181.3304231074503
2012-10-30 22:00:00,175.1910600097174
2012-10-30 23:00:00,173.03160246485294
2012-10-31 00:00:00,42.26958682520598
2012-10-31 01:00:00,57.4368541161443
2012-10-31 02:00:00,67.39533860888693
2012-10-31 03:00:00,83.06817193558292
2012-10-31 04:00:00,78.2310298111116
2012-10-31 05:00:00,103.927560014553
2012-10-31 06:00:00,105.77014598662025
2012-10-31 07:00:00,114.96263082731238
2012-10-31 08:00:00,131.82945590901988
2012-10-31 09:00:00,153.12806802211347
2012-10-31 10:00:00,175.5572808761724
2012-10-31 11:00:00,196.58391080517703
2012-10-31 12:00:00,233.91604964438352
2012-10-31 13:00:00,262.7515729154459
2012-10-31 14:00:00,267.32713633377915
2012-10-31 15:00:00,266.23100581786275
2012-10-31 16:00:00,273.4589746524251
2012-10-31 17:00:00,263.32552522722347
2012-10-31 18:00:00,266.8120397771334
2012-10-31 19:00:00,281.9016550929208
2012-10-31 20:00:00,284.06762781985003
2012-10-31 21:00:00,285.49531689993256
2012-10-31 22:00:00,242.48970737287218
2012-10-31 23:00:00,240.25298971265323
2012-11-20 00:00:00,62.81803477138769
2012-11-20 01:00:00,88.19838553772979
2012-11-20 02:00:00,91.42460124509938
2012-11-20 03:00:00,115.17896096978484
2012-11-20 04:00:00,129.81793809555052
2012-11-20 05:00:00,144.61640454281016
2012-11-20 06:00:00,147.76987267806805
2012-11-20 07:00:00,138.97676070328424
2012-11-20 08:00:00,161.3130670376986
2012-11-20 09:00:00,186.90199361556142
2012-11-20 10:00:00,215.269123084721
2012-11-20 11:00:00,228.16447679388352
2012-11-20 12:00:00,233.2721984689424
2012-11-20 13:00:00,259.64563919111487
2012-11-20 14:00:00,270.1331992559866
2012-11-20 15:00:00,287.70721134830796
2012-11-20 16:00:00,267.4811975316878
2012-11-20 17:00:00,253.66947896757716
2012-11-20 18:00:00,261.38527489354976
2012-11-20 19:00:00,250.19201862665955
2012-11-20 20:00:00,235.68209706783117
2012-11-20 21:00:00,220.3780603980403
2012-11-20 22:00:00,219.44081525868242
2012-11-20 23:00:00,191.9679842421164
2012-11-21 00:00:00,45.07553979184391
2012-11-21 01:00:00,54.87491079838881
2012-11-21 02:00:00,48.68202471196298
2012-11-21 03:00:00,61.29053535099996
2012-11-21 04:00:00,73.1607623431903
2012-11-21 05:00:00,84.29270568853394
2012-11-21 06:00:00,96.14224477198462
2012-11-21 07:00:00,100.92740619171292
2012-11-21 08:00:00,137.64882789197392
2012-11-21 09:00:00,154.7212354802458
2012-11-21 10:00:00,197.45969819355125
2012-11-21 11:00:00,248.4732727035119
2012-11-21 12:00:00,286.10213195138346
2012-11-21 13:00:00,304.8591355114942
2012-11-21 14:00:00,322.03737483791247
2012-11-21 15:00:00,316.9638098022616
2012-11-21 16:00:00,322.18453076645926
2012-11-21 17:00:00,300.7762447110946
2012-11-21 18:00:00,311.3556919217312
2012-11-21 19:00:00,295.6511467818152
2012-11-21 20:00:00,238.3565279655942
2012-11-21 21:00:00,257.62148787806643
2012-11-21 22:00:00,248.9470786929731
2012-11-21 23:00:00,217.852473530505
2012-11-22 00:00:00,21.101758974265636
2012-11-22 01:00:00,24.98024864390098
2012-11-22 02:00:00,0.0
2012-11-22 03:00:00,7.333211989795899
2012-11-22 04:00:00,0.0
2012-11-22 05:00:00,28.288740517867865
2012-11-22 06:00:00,58.517202620104825
2012-11-22 07:00:00,36.614744849105534
2012-11-22 08:00:00,52.282001549087624
2012-11-22 09:00:00,112.72965296604643
2012-11-22 10:00:00,171.5240433053921
2012-11-22 11:00:00,251.23346409349006
2012-11-22 12:00:00,275.0927167337515
2012-11-22 13:00:00,301.6098702907765
2012-11-22 14:00:00,323.01669423391434
2012-11-22 15:00:00,328.389329290402
2012-11-22 16:00:00,312.00761229960204
2012-11-22 17:00:00,299.4343008888569
2012-11-22 18:00:00,259.2823593111326
2012-11-22 19:00:00,150.62229324845845
2012-11-22 20:00:00,153.41162695642686
2012-11-22 21:00:00,187.12627234941678
2012-11-22 22:00:00,165.97566700205834
2012-11-22 23:00:00,127.59864880466685
2012-11-23 00:00:00,57.06278265368445
2012-11-23 01:00:00,37.42460384305099
2012-11-23 02:00:00,58.958254928319235
2012-11-23 03:00:00,82.37984341246036
2012-11-23 04:00:00,76.9191513533198
2012-11-23 05:00:00,77.66218769335805
2012-11-23 06:00:00,87.48392196128553
2012-11-23 07:00:00,96.56737258236635
2012-11-23 08:00:00,91.54058548580409
2012-11-23 09:00:00,136.5329992860823
2012-11-23 10:00:00,193.63858881202856
2012-11-23 11:00:00,251.25757367232734
2012-11-23 12:00:00,299.52460580429994
2012-11-23 13:00:00,317.2187625993896
2012-11-23 14:00:00,345.5977774116675
2012-11-23 15:00:00,335.25336429391484
2012-11-23 16:00:00,331.45729841253217
2012-11-23 17:00:00,339.41494617782257
2012-11-23 18:00:00,320.78393873092136
2012-11-23 19:00:00,329.3176795822426
2012-11-23 20:00:00,337.86388588194177
2012-11-23 21:00:00,343.86921973305476
2012-11-23 22:00:00,374.0093009736304
2012-11-23 23:00:00,354.35996889642286
2012-11-24 00:00:00,155.23030524775254
2012-11-24 01:00:00,122.20402072654447
2012-11-24 02:00:00,125.65303918873076
2012-11-24 03:00:00,141.7079134147279
2012-11-24 04:00:00,136.34085080100212
2012-11-24 05:00:00,154.5394584845592
2012-11-24 06:00:00,150.65341038616913
2012-11-24 07:00:00,169.12710864504595
2012-11-24 08:00:00,159.96936741381424
2012-11-24 09:00:00,174.80903448970062
2012-11-24 10:00:00,186.46916289194786
2012-11-24 11:00:00,210.02412840251088
2012-11-24 12:00:00,214.19660839570963
2012-11-24 13:00:00,256.08333886207794
2012-11-24 14:00:00,265.0162532153536
2012-11-24 15:00:00,252.81290462669662
2012-11-24 16:00:00,237.29321673811347
2012-11-24 17:00:00,221.26455333417454
2012-11-24 18:00:00,228.56713699280002
2012-11-24 19:00:00,219.2106220454778
2012-11-24 20:00:00,198.2238133394666
2012-11-24 21:00:00,193.03869139529039
2012-11-24 22:00:00,195.41642211810557
2012-11-24 23:00:00,185.7602854205832
2012-11-25 00:00:00,71.91491652570667
2012-11-25 01:00:00,95.19418214575553
2012-11-25 02:00:00,96.35537820708444
2012-11-25 03:00:00,122.37233701012295
2012-11-25 04:00:00,131.6492803522061
2012-11-25 05:00:00,133.110612414387
2012-11-25 06:00:00,145.44846524332235
2012-11-25 07:00:00,144.73965367494333
2012-11-25 08:00:00,147.82219395942803
2012-11-25 09:00:00,165.0231837174328
2012-11-25 10:00:00,169.81829762642082
2012-11-25 11:00:00,203.00348291838006
2012-11-25 12:00:00,207.96059622060136
2012-11-25 13:00:00,211.45823628266925
2012-11-25 14:00:00,233.2274921931342
2012-11-25 15:00:00,237.20326537384554
2012-11-25 16:00:00,244.82682332506994
2012-11-25 17:00:00,226.7534480900315
2012-11-25 18:00:00,209.44945994024854
2012-11-25 19:00:00,210.75120802118832
2012-11-25 20:00:00,153.07485253505473
2012-11-25 21:00:00,189.83676296018322
2012-11-25 22:00:00,146.3530373688312
2012-11-25 23:00:00,116.12989445595116
2012-11-26 00:00:00,55.00152366645776
2012-11-26 01:00:00,64.7021196036604
2012-11-26 02:00:00,76.31551511886455
2012-11-26 03:00:00,87.19062698722198
2012-11-26 04:00:00,101.00435570869436
2012-11-26 05:00:00,108.24945676198999
2012-11-26 06:00:00,119.57606984873271
2012-11-26 07:00:00,138.19546648908357
2012-11-26 08:00:00,145.8865918930319
2012-11-26 09:00:00,178.3413964599236
2012-11-26 10:00:00,204.0475816045031
2012-11-26 11:00:00,263.84237938225476
2012-11-26 12:00:00,274.9750462935731
2012-11-26 13:00:00,281.8299495552541
2012-11-26 14:00:00,279.4396215998823
2012-11-26 15:00:00,292.18159161754704
2012-11-26 16:00:00,302.65217745991686
2012-11-26 17:00:00,295.5584756107375
2012-11-26 18:00:00,258.3597301355711
2012-11-26 19:00:00,238.1929973533274
2012-11-26 20:00:00,243.92585731352844
2012-11-26 21:00:00,243.27815898946656
2012-11-26 22:00:00,215.96509131083317
2012-11-26 23:00:00,226.61771670265733
2012-11-27 00:00:00,77.55206063218539
2012-11-27 01:00:00,84.08656714160546
2012-11-27 02:00:00,95.328261503978
2012-11-27 03:00:00,65.35036012938008
2012-11-27 04:00:00,47.83971524599616
2012-11-27 05:00:00,108.44143239716598
2012-11-27 06:00:00,123.86300969301766
2012-11-27 07:00:00,83.22062942384844
2012-11-27 08:00:00,94.54139942907466
2012-11-27 09:00:00,159.9240605796674
2012-11-27 10:00:00,107.85471083629199
2012-11-27 11:00:00,87.86194474414837
2012-11-27 12:00:00,80.34397075157374
2012-11-27 13:00:00,97.87797157331359
2012-11-27 14:00:00,92.79906897519564
2012-11-27 15:00:00,192.67282804315334
2012-11-27 16:00:00,196.78582996714968
2012-11-27 17:00:00,198.6456545229828
2012-11-27 18:00:00,171.4840067497227
2012-11-27 19:00:00,190.46986404944647
2012-11-27 20:00:00,182.53333913912957
2012-11-27 21:00:00,161.681271386487
2012-11-27 22:00:00,158.16787626689023
2012-11-27 23:00:00,177.18341831495147
2012-11-28 00:00:00,35.220347393854865
2012-11-28 01:00:00,53.49552809683772
2012-11-28 02:00:00,67.28039462305335
2012-11-28 03:00:00,87.87372136445948
2012-11-28 04:00:00,102.01470379718761
2012-11-28 05:00:00,117.74569142840906
2012-11-28 06:00:00,129.85564215014892
2012-11-28 07:00:00,153.7940668462699
2012-11-28 08:00:00,144.14340793622299
2012-11-28 09:00:00,181.88900415762555
2012-11-28 10:00:00,203.25575556186726
2012-11-28 11:00:00,222.88920837184364
2012-11-28 12:00:00,238.47575008386224
2012-11-28 13:00:00,248.83659976714688
2012-11-28 14:00:00,265.55557141019403
2012-11-28 15:00:00,283.8420219804425
2012-11-28 16:00:00,290.80036469242884
2012-11-28 17:00:00,279.4642183933392
2012-11-28 18:00:00,275.763847379544
2012-11-28 19:00:00,269.6800741824538
2012-11-28 20:00:00,271.67709625107847
2012-11-28 21:00:00,256.7308154138896
2012-11-28 22:00:00,233.43993576813892
2012-11-28 23:00:00,218.16566908441
2012-11-29 00:00:00,65.93348720743762
2012-11-29 01:00:00,63.05782516127303
2012-11-29 02:00:00,77.06057530343148
2012-11-29 04:00:00,72.95872750389245
2012-11-29 05:00:00,95.88000160975042
2012-11-29 06:00:00,110.09879025252945
2012-11-29 07:00:00,122.22573264889496
2012-11-29 08:00:00,120.29671808142226
2012-11-29 09:00:00,155.73389330784647
2012-11-29 10:00:00,168.24611960503293
2012-11-29 11:00:00,252.75260857282626
2012-11-29 12:00:00,253.68953227231822
2012-11-29 13:00:00,285.94710885916857
2012-11-29 14:00:00,263.9264693017699
2012-11-29 15:00:00,268.2590127317833
2012-11-29 16:00:00,279.22473202498884
2012-11-29 17:00:00,274.37695134619787
2012-11-29 18:00:00,249.87309834270056
2012-11-29 19:00:00,236.04536825452453
2012-11-29 20:00:00,238.26412376582346
2012-11-29 21:00:00,194.46214783895607
2012-11-29 22:00:00,183.36024467384087
2012-11-29 23:00:00,199.68393495924508
2012-11-30 00:00:00,36.55101466130327
2012-11-30 01:00:00,49.74726158297804
2012-11-30 02:00:00,55.86724047557155
2012-11-30 03:00:00,67.89448505096627
2012-11-30 04:00:00,74.37262392848206
2012-11-30 05:00:00,69.77858708789805
2012-11-30 06:00:00,66.95793974101142
2012-11-30 07:00:00,93.10395150310333
2012-11-30 08:00:00,112.36885676371851
2012-11-30 09:00:00,123.66414497563579
2012-11-30 10:00:00,179.9836473972656
2012-11-30 11:00:00,219.6167263690569
2012-11-30 12:00:00,253.19520883893847
2012-11-30 13:00:00,281.192226703084
2012-11-30 14:00:00,286.99836582297877
2012-11-30 15:00:00,304.4565080766766
2012-11-30 16:00:00,295.5439992651279
2012-11-30 17:00:00,266.01069804116344
2012-11-30 18:00:00,239.3965201133284
2012-11-30 19:00:00,212.78748451365524
2012-11-30 20:00:00,213.2772138601263
2012-11-30 21:00:00,192.2229332559098
2012-11-30 22:00:00,184.5956915563557
2012-11-30 23:00:00,200.32956688220813
2012-12-20 00:00:00,78.37895254855825
2012-12-20 01:00:00,85.47985786906375
2012-12-20 02:00:00,99.36201483187892
2012-12-20 03:00:00,107.70891715302629
2012-12-20 04:00:00,120.40900776919779
2012-12-20 05:00:00,132.02494593119178
2012-12-20 06:00:00,154.30221226104976
2012-12-20 07:00:00,156.09131519201117
2012-12-20 08:00:00,165.44498490884425
2012-12-20 09:00:00,174.0603709788307
2012-12-20 10:00:00,192.4487316312484
2012-12-20 11:00:00,217.76969292725727
2012-12-20 12:00:00,242.06478470309398
2012-12-20 13:00:00,243.05424842272646
2012-12-20 14:00:00,255.90243813877208
2012-12-20 15:00:00,247.42969953147235
2012-12-20 16:00:00,252.36518743144777
2012-12-20 17:00:00,241.79313090822765
2012-12-20 18:00:00,236.76317585612094
2012-12-20 19:00:00,167.81053433056456
2012-12-20 20:00:00,163.3936716615659
2012-12-20 21:00:00,163.19215318681927
2012-12-20 22:00:00,142.4558443571443
2012-12-20 23:00:00,188.3967659449583
2012-12-21 00:00:00,8.497637849223679
2012-12-21 01:00:00,17.661808860128872
2012-12-21 02:00:00,25.620514359645
2012-12-21 03:00:00,41.22488335491198
2012-12-21 04:00:00,110.14726775096418
2012-12-21 05:00:00,117.82461660914812
2012-12-21 06:00:00,143.3826091376875
2012-12-21 07:00:00,180.2066243390468
2012-12-21 08:00:00,186.18270870307822
2012-12-21 09:00:00,192.8881987983904
2012-12-21 10:00:00,226.00015473444302
2012-12-21 11:00:00,227.07256087796395
2012-12-21 12:00:00,240.901780546587
2012-12-21 13:00:00,246.19932737349728
2012-12-21 14:00:00,251.7544166588284
2012-12-21 15:00:00,247.39057224157267
2012-12-21 16:00:00,256.0654982448929
2012-12-21 17:00:00,217.98781914939735
2012-12-21 18:00:00,219.72211392720718
2012-12-21 19:00:00,248.6637261348025
2012-12-21 20:00:00,255.6927893100215
2012-12-21 21:00:00,249.7744898306408
2012-12-21 22:00:00,236.86926587131342
2012-12-21 23:00:00,237.61061897366602
2012-12-22 00:00:00,83.80093607263322
2012-12-22 01:00:00,106.98439426259685
2012-12-22 02:00:00,115.34432886474517
2012-12-22 03:00:00,123.10026884191471
2012-12-22 04:00:00,142.8121710819575
2012-12-22 05:00:00,147.74317965218546
2012-12-22 06:00:00,165.4517187112776
2012-12-22 07:00:00,174.22287156777273
2012-12-22 08:00:00,173.8315782958796
2012-12-22 09:00:00,181.29082131380804
2012-12-22 10:00:00,186.5605788993233
2012-12-22 11:00:00,218.21447338866068
2012-12-22 12:00:00,237.8420373227516
2012-12-22 13:00:00,257.7967707799364
2012-12-22 14:00:00,262.7792894861634
2012-12-22 15:00:00,270.45584980267256
2012-12-22 16:00:00,253.86143611096284
2012-12-22 17:00:00,233.8015229951062
2012-12-22 18:00:00,219.99667185251377
2012-12-22 19:00:00,200.0065503502276
2012-12-22 20:00:00,188.0620568935857
2012-12-22 21:00:00,177.577149626734
2012-12-22 22:00:00,174.12528054307518
2012-12-22 23:00:00,163.8091443666045
2012-12-23 00:00:00,83.55886752723809
2012-12-23 01:00:00,98.45583349482132
2012-12-23 02:00:00,94.83648990736299
2012-12-23 03:00:00,104.02528929963799
2012-12-23 04:00:00,121.58676333230068
2012-12-23 05:00:00,121.36426940624474
2012-12-23 06:00:00,87.62871169613442
2012-12-23 07:00:00,93.78900862099263
2012-12-23 08:00:00,79.44868610017113
2012-12-23 09:00:00,130.44820508083504
2012-12-23 10:00:00,133.98964395447305
2012-12-23 11:00:00,170.02610299054723
2012-12-23 12:00:00,224.13842102169752
2012-12-23 13:00:00,245.58049778915964
2012-12-23 14:00:00,276.69043413181083
2012-12-23 15:00:00,267.80968716409177
2012-12-23 16:00:00,275.93860413691385
2012-12-23 17:00:00,235.06603117143422
2012-12-23 18:00:00,231.29128180066192
2012-12-23 19:00:00,223.3778885692406
2012-12-23 20:00:00,149.32438833098357
2012-12-23 21:00:00,124.24879524166603
2012-12-23 22:00:00,150.82901281570054
2012-12-23 23:00:00,138.3085031924953
2012-12-24 00:00:00,65.39055084850003
2012-12-24 01:00:00,77.55661386378762
2012-12-24 02:00:00,78.4989014615153
2012-12-24 03:00:00,88.94128349740396
2012-12-24 05:00:00,99.37438246328331
2012-12-24 06:00:00,115.83872772398993
2012-12-24 07:00:00,131.36883654535262
2012-12-24 08:00:00,142.04711285909426
2012-12-24 09:00:00,174.69221447410789
2012-12-24 10:00:00,185.43858872804879
2012-12-24 11:00:00,195.76892876465928
2012-12-24 12:00:00,212.21858199661568
2012-12-24 13:00:00,123.32186665847266
2012-12-24 14:00:00,117.8358357600053
2012-12-24 15:00:00,114.55685791345468
2012-12-24 16:00:00,115.71579218348884
2012-12-24 17:00:00,110.53992560431988
2012-12-24 18:00:00,111.24841913545721
2012-12-24 19:00:00,171.30649640698005
2012-12-24 20:00:00,105.90346987367502
2012-12-24 21:00:00,103.87292328961091
2012-12-24 22:00:00,161.76524502926128
2012-12-24 23:00:00,95.31114181208575
2012-12-25 00:00:00,0.0
2012-12-25 01:00:00,11.103514741219499
2012-12-25 02:00:00,23.321920016047557
2012-12-25 04:00:00,42.04746928797147
2012-12-25 05:00:00,31.36189378164343
2012-12-25 06:00:00,39.95380122752849
2012-12-25 07:00:00,48.22050811939479
2012-12-25 08:00:00,76.25573834672383
2012-12-25 09:00:00,77.31989173475466
2012-12-25 10:00:00,94.77642233934209
2012-12-25 11:00:00,127.89156837944287
2012-12-25 12:00:00,138.23288518408043
2012-12-25 13:00:00,259.5956846596113
2012-12-25 14:00:00,263.5806728601724
2012-12-25 15:00:00,235.65041940258334
2012-12-25 16:00:00,241.74283151410032
2012-12-25 17:00:00,212.21487621528854
2012-12-25 18:00:00,195.9188964227775
2012-12-25 19:00:00,194.83513623134695
2012-12-25 20:00:00,198.9673923622778
2012-12-25 21:00:00,183.45671250673138
2012-12-25 22:00:00,172.82102642924727
2012-12-25 23:00:00,173.71946563955657
2012-12-26 00:00:00,74.49086313840931
2012-12-26 01:00:00,80.9895522124778
2012-12-26 02:00:00,94.5112280819442
2012-12-26 03:00:00,93.08374945231023
2012-12-26 04:00:00,100.51692189249003
2012-12-26 05:00:00,119.9054727648664
2012-12-26 06:00:00,132.40170768538792
2012-12-26 07:00:00,55.13383480303057
2012-12-26 08:00:00,62.47516513987313
2012-12-26 09:00:00,69.07821182986905
2012-12-26 10:00:00,77.04062389019761
2012-12-26 11:00:00,66.94365805733452
2012-12-26 12:00:00,88.37895914546772
2012-12-26 13:00:00,92.28763256001673
2012-12-26 14:00:00,91.7001310637117
2012-12-26 15:00:00,108.90891131746086
2012-12-26 16:00:00,111.28487229815221
2012-12-26 17:00:00,103.69309059960699
2012-12-26 18:00:00,115.69321209478966
2012-12-26 19:00:00,135.23753643167612
2012-12-26 20:00:00,133.14528838661798
2012-12-26 21:00:00,200.1475117867538
2012-12-26 22:00:00,87.8812837375765
2012-12-26 23:00:00,107.0752600929795
2012-12-27 00:00:00,0.0
2012-12-27 01:00:00,0.0
2012-12-27 02:00:00,40.46018253475657
2012-12-27 03:00:00,73.19819657101846
2012-12-27 04:00:00,77.72973725571411
2012-12-27 05:00:00,106.75518169595767
2012-12-27 06:00:00,114.11054017108914
2012-12-27 07:00:00,133.38747415341777
2012-12-27 08:00:00,153.67165236600104
2012-12-27 09:00:00,165.2109095293684
2012-12-27 10:00:00,185.02783612667866
2012-12-27 11:00:00,192.76418855075366
2012-12-27 12:00:00,224.41639983680128
2012-12-27 13:00:00,231.35241484934306
2012-12-27 14:00:00,199.6732125377298
2012-12-27 15:00:00,207.9763842586864
2012-12-27 16:00:00,224.03774697451126
2012-12-27 17:00:00,226.651256951109
2012-12-27 18:00:00,209.91397425473323
2012-12-27 19:00:00,204.1114390664577
2012-12-27 20:00:00,200.36811977573228
2012-12-27 21:00:00,209.87081589059304
2012-12-27 22:00:00,206.33841398203174
2012-12-27 23:00:00,206.15062541359964
2012-12-28 00:00:00,72.91189131887661
2012-12-28 01:00:00,79.85828924395149
2012-12-28 02:00:00,91.81230853759344
2012-12-28 03:00:00,112.02973696400998
2012-12-28 04:00:00,126.50050650620474
2012-12-28 05:00:00,137.23804543172918
2012-12-28 06:00:00,125.71899120390044
2012-12-28 07:00:00,135.85026417664227
2012-12-28 08:00:00,162.59439234698758
2012-12-28 09:00:00,164.24162918955585
2012-12-28 10:00:00,186.17752966312517
2012-12-28 11:00:00,207.60655788719748
2012-12-28 12:00:00,226.06765698732335
2012-12-28 13:00:00,231.68379601033573
2012-12-28 14:00:00,236.5616513865014
2012-12-28 15:00:00,235.8315870094513
2012-12-28 16:00:00,238.72765189615745
2012-12-28 17:00:00,196.49231651332397
2012-12-28 18:00:00,197.39782294325514
2012-12-28 19:00:00,199.66980464046725
2012-12-28 20:00:00,200.37164392981012
2012-12-28 21:00:00,190.7016218356339
2012-12-28 22:00:00,188.57320282230918
2012-12-28 23:00:00,193.1683370960011
2012-12-29 00:00:00,61.086947133844205
2012-12-29 01:00:00,61.848260190856905
2012-12-29 02:00:00,82.35058882440016
2012-12-29 03:00:00,81.70183214384795
2012-12-29 04:00:00,91.96450693953005
2012-12-29 05:00:00,100.52668856206114
2012-12-29 06:00:00,122.38554633278765
2012-12-29 07:00:00,130.20002794444488
2012-12-29 08:00:00,109.57091384768633
2012-12-29 09:00:00,114.82590278598875
2012-12-29 10:00:00,87.95122674090638
2012-12-29 11:00:00,52.0658342744548
2012-12-29 12:00:00,36.003800729944146
2012-12-29 13:00:00,36.72420341594588
2012-12-29 14:00:00,119.18351811118673
2012-12-29 15:00:00,113.37954877554857
2012-12-29 16:00:00,143.5407316276088
2012-12-29 17:00:00,123.81799015415633
2012-12-29 18:00:00,164.4915452465505
2012-12-29 19:00:00,199.47208538071564
2012-12-29 20:00:00,216.003050572069
2012-12-29 21:00:00,209.22586774387443
2012-12-29 22:00:00,193.23666510506928
2012-12-29 23:00:00,152.74960093531
2012-12-30 00:00:00,77.41079316700328
2012-12-30 01:00:00,79.64333285568097
2012-12-30 02:00:00,103.19178201669581
2012-12-30 03:00:00,104.48650470258208
2012-12-30 04:00:00,129.40223349543317
2012-12-30 05:00:00,147.97737851817456
2012-12-30 06:00:00,134.80002914028915
2012-12-30 07:00:00,138.86830183124854
2012-12-30 08:00:00,151.76753808058226
2012-12-30 09:00:00,162.40687830693463
2012-12-30 10:00:00,194.98343845149407
2012-12-30 11:00:00,206.54340540633513
2012-12-30 12:00:00,227.14731617107742
2012-12-30 13:00:00,243.9322304698547
2012-12-30 14:00:00,253.90077892958033
2012-12-30 15:00:00,238.65846192732687
2012-12-30 16:00:00,241.3446428301254
2012-12-30 17:00:00,221.9707808817873
2012-12-30 18:00:00,206.9882630296451
2012-12-30 19:00:00,200.4948142121295
2012-12-30 20:00:00,186.91483469228035
2012-12-30 21:00:00,156.9670676933913
2012-12-30 22:00:00,143.607753076748
2012-12-30 23:00:00,151.06212435350528
2012-12-31 00:00:00,76.53896545794515
2012-12-31 01:00:00,88.8117547055121
2012-12-31 02:00:00,93.2689263646566
2012-12-31 03:00:00,104.1323477447624
2012-12-31 04:00:00,98.51921964774878
2012-12-31 05:00:00,115.36191707846459
2012-12-31 06:00:00,124.4383672068727
2012-12-31 07:00:00,132.44565978019392
2012-12-31 08:00:00,127.53424989865461
2012-12-31 09:00:00,163.17576185832363
2012-12-31 10:00:00,166.75274389160458
2012-12-31 11:00:00,186.25087043368072
2012-12-31 12:00:00,198.2228524186615
2012-12-31 13:00:00,220.56917303442114
2012-12-31 14:00:00,230.84503934125132
2012-12-31 15:00:00,233.99689202383334
2012-12-31 16:00:00,227.31770904488158
2012-12-31 17:00:00,228.93576007181727
2012-12-31 18:00:00,229.69494273612113
2012-12-31 19:00:00,217.37312055359504
2012-12-31 20:00:00,216.75136811640203
2012-12-31 21:00:00,203.8788245406339
2012-12-31 22:00:00,206.23183766258904
2012-12-31 23:00:00,191.93064612976715
